ExptDateTime,Temperature,Humidity,Pressure,WindSpeed,WindDirection
1/11/2015 0:00,22.7,94,968.2,0,359
1/11/2015 1:00,22.5,96,968.8,0.2,142
1/11/2015 2:00,23.5,95,969.8,0,359
1/11/2015 3:00,26.1,77,970.5,0.8,236
1/11/2015 4:00,27.3,70,971,0.9,244
1/11/2015 5:00,28.5,65,970.7,1.2,296
1/11/2015 6:00,29.9,58,969.8,0.3,208
1/11/2015 7:00,29.8,59,968.3,1.1,12
1/11/2015 8:00,30.5,55,967.3,0.3,359
1/11/2015 9:00,29.9,62,966.2,0.8,72
1/11/2015 10:00,28.2,70,966.4,1,127
1/11/2015 11:00,23.1,98,966.9,1,106
1/11/2015 12:00,23.4,97,967.4,4.1,129
1/11/2015 13:00,22.9,96,969,1.5,84
1/11/2015 14:00,22.7,0,970,0.5,356
1/11/2015 15:00,22.6,0,971,0.8,25
1/11/2015 16:00,22.6,0,971.2,0.9,34
1/11/2015 17:00,22.6,0,971.1,0.4,33
1/11/2015 18:00,22.3,0,970.6,0.2,7
1/11/2015 19:00,22.4,0,970.5,1,359
1/11/2015 20:00,22.3,0,969.9,0,359
1/11/2015 21:00,22.3,0,969.3,0.5,17
1/11/2015 22:00,22.2,0,968.9,1.1,29
1/11/2015 23:00,22.2,0,969,0.6,20
2/11/2015 0:00,22.1,0,969.5,0.3,84
2/11/2015 1:00,22.4,0,970.4,0,359
2/11/2015 2:00,22.6,0,971.2,0.3,40
2/11/2015 3:00,23,0,971.7,0.2,3
2/11/2015 4:00,23.8,0,972.1,0.7,299
2/11/2015 5:00,25.3,88,971.7,0.8,186
2/11/2015 6:00,26.9,76,970.9,0.5,303
2/11/2015 7:00,28.8,69,969.8,0.5,254
2/11/2015 8:00,29.6,66,968.5,1.2,141
2/11/2015 9:00,28.7,66,967.7,1.2,135
2/11/2015 10:00,27.6,72,967.5,2,147
2/11/2015 11:00,28.1,68,967.4,1,116
2/11/2015 12:00,27,74,968.1,1.5,106
2/11/2015 13:00,26.3,78,968.9,0.9,68
2/11/2015 14:00,26.1,82,969.8,1,133
2/11/2015 15:00,25.6,85,970.6,1.2,126
2/11/2015 16:00,25.2,88,971.4,0.8,0
2/11/2015 17:00,24.9,90,971.2,0.1,132
2/11/2015 18:00,24.4,95,970.9,0.3,131
2/11/2015 19:00,24.6,94,970.3,0.5,106
2/11/2015 20:00,24.7,93,969.7,0.4,299
2/11/2015 21:00,24.2,88,969.8,0.5,205
2/11/2015 22:00,24,93,969.4,0.6,302
2/11/2015 23:00,23.5,98,969.7,0.2,3
3/11/2015 0:00,23.7,98,970.1,0,359
3/11/2015 1:00,23.3,93,969.9,0.6,96
3/11/2015 2:00,24,93,970.3,0.3,276
3/11/2015 3:00,25.1,89,970.9,0.2,287
3/11/2015 4:00,26.6,84,971.1,1.6,152
3/11/2015 5:00,28.7,72,971.3,1.2,148
3/11/2015 6:00,28.1,74,970.5,1.7,143
3/11/2015 7:00,26.3,85,969.5,1.2,58
3/11/2015 8:00,26.9,79,968.3,2.8,142
3/11/2015 9:00,23.8,96,968.4,1.3,167
3/11/2015 10:00,23.6,98,968.3,1,13
3/11/2015 11:00,23.2,96,969,0.6,38
3/11/2015 12:00,23,97,969.5,0,359
3/11/2015 13:00,23.1,99,970,0.1,193
3/11/2015 14:00,23.1,0,970.4,0.3,244
3/11/2015 15:00,23.1,0,970.9,0,359
3/11/2015 16:00,23.2,0,971.5,0.4,168
3/11/2015 17:00,23.1,0,971.3,0.2,340
3/11/2015 18:00,22.7,0,971,0.3,108
3/11/2015 19:00,22.6,0,970.5,0,359
3/11/2015 20:00,22.6,0,969.7,0,359
3/11/2015 21:00,22.5,0,969.1,0,359
3/11/2015 22:00,22.4,0,968.9,0.6,346
3/11/2015 23:00,22.4,0,968.9,0.5,71
4/11/2015 0:00,22.6,0,969.3,0.3,133
4/11/2015 1:00,22.6,0,970,0.2,182
4/11/2015 2:00,23.3,0,970.6,0.4,48
4/11/2015 3:00,24.7,92,970.9,0.5,9
4/11/2015 4:00,27.4,73,971.3,0.7,65
4/11/2015 5:00,28.6,67,970.6,2,359
4/11/2015 6:00,29.9,63,970,1.1,88
4/11/2015 7:00,30.2,61,969,2.1,92
4/11/2015 8:00,29.8,61,968,1.9,29
4/11/2015 9:00,29.9,58,967.2,1.1,72
4/11/2015 10:00,30.2,59,966.7,0.9,86
4/11/2015 11:00,27.7,73,966.8,2,73
4/11/2015 12:00,26.3,80,967.2,1.7,59
4/11/2015 13:00,25.8,81,968.4,1.5,58
4/11/2015 14:00,25.2,81,969.5,1.3,54
4/11/2015 15:00,24.2,86,970.2,1.4,79
4/11/2015 16:00,24.6,90,970.7,0.5,233
4/11/2015 17:00,24.6,91,970.5,0.4,268
4/11/2015 18:00,24.5,92,970.2,0,359
4/11/2015 19:00,24.3,94,969.7,0,359
4/11/2015 20:00,24.3,93,968.9,0,359
4/11/2015 21:00,24.1,95,968.4,0.3,23
4/11/2015 22:00,24,96,968.4,0.2,337
4/11/2015 23:00,24,97,968.7,0,359
5/11/2015 0:00,23.8,98,969.3,0,359
5/11/2015 1:00,23.1,99,969.9,0,359
5/11/2015 2:00,25.1,96,970.8,0.4,93
5/11/2015 3:00,26.9,79,971.1,0.9,19
5/11/2015 4:00,28.4,71,971.4,1.1,347
5/11/2015 5:00,29.3,64,970.7,2.3,89
5/11/2015 6:00,30,60,970,1.8,106
5/11/2015 7:00,30.1,59,968.8,1,85
5/11/2015 8:00,30.5,57,967.9,0.8,145
5/11/2015 9:00,30.4,55,966.8,0.9,12
5/11/2015 10:00,30,58,966.4,0.7,347
5/11/2015 11:00,30.3,56,966.3,0.2,62
5/11/2015 12:00,28.4,65,966.9,1,104
5/11/2015 13:00,26.7,78,967.5,1.5,122
5/11/2015 14:00,26.1,81,968.7,0.9,132
5/11/2015 15:00,25.5,81,969.8,1.2,75
5/11/2015 16:00,24.8,79,970.3,1.5,71
5/11/2015 17:00,24.3,81,970.8,0.3,122
5/11/2015 18:00,24.2,88,970.5,1,107
5/11/2015 19:00,23.6,90,969.7,0,359
5/11/2015 20:00,23,92,968.9,0.3,231
5/11/2015 21:00,22.5,95,968,0.4,118
5/11/2015 22:00,22.2,96,967.8,0,359
5/11/2015 23:00,22.1,97,967.9,0.1,340
6/11/2015 0:00,21.9,98,968.4,0.3,99
6/11/2015 1:00,21.6,99,968.8,0.2,120
6/11/2015 2:00,23.2,94,969.7,0.4,275
6/11/2015 3:00,26.6,76,969.9,0.7,248
6/11/2015 4:00,28,66,970,1.3,19
6/11/2015 5:00,28.6,62,969.7,1.3,8
6/11/2015 6:00,29,63,968.9,1,8
6/11/2015 7:00,29.9,58,967.6,1.4,26
6/11/2015 8:00,29.4,60,966.7,1.6,45
6/11/2015 9:00,29.9,63,966,1.3,43
6/11/2015 10:00,28.9,60,965.7,1,75
6/11/2015 11:00,28,63,966,1.7,54
6/11/2015 12:00,27,72,966.7,0.9,91
6/11/2015 13:00,26.2,77,967.6,1.9,66
6/11/2015 14:00,25.9,79,968.7,1.8,80
6/11/2015 15:00,25.5,82,969.4,1.2,82
6/11/2015 16:00,25,85,969.8,1.4,83
6/11/2015 17:00,24.7,86,970,0.3,233
6/11/2015 18:00,24.3,90,969.5,0.4,107
6/11/2015 19:00,24,92,968.9,0.3,325
6/11/2015 20:00,23.9,93,968.5,0,359
6/11/2015 21:00,23.6,94,967.7,0.2,301
6/11/2015 22:00,23,96,967.6,0.1,83
6/11/2015 23:00,22.7,97,968.3,0,359
7/11/2015 0:00,22.4,97,968.8,0,359
7/11/2015 1:00,22.3,98,969.7,0,359
7/11/2015 2:00,23.9,92,970.4,0.4,154
7/11/2015 3:00,25.3,83,971.2,0.7,177
7/11/2015 4:00,26.9,71,971.3,1,30
7/11/2015 5:00,28.3,63,970.7,2.6,62
7/11/2015 6:00,29.1,59,969.8,2,44
7/11/2015 7:00,29.3,57,968.5,1.7,75
7/11/2015 8:00,30.2,57,967.4,1.4,26
7/11/2015 9:00,29.3,57,966.5,2.2,88
7/11/2015 10:00,27.8,64,966.2,2,76
7/11/2015 11:00,27.2,69,966.5,0.5,54
7/11/2015 12:00,26.4,71,967.2,1.1,101
7/11/2015 13:00,26,74,967.6,2.4,65
7/11/2015 14:00,25.5,76,969,2.2,65
7/11/2015 15:00,25.5,76,970.2,1.2,66
7/11/2015 16:00,25.1,75,970.8,1.9,77
7/11/2015 17:00,24.3,80,970.6,0.7,49
7/11/2015 18:00,23.6,83,970.2,0,359
7/11/2015 19:00,22.8,88,969.9,0.4,162
7/11/2015 20:00,22.8,91,968.8,0,359
7/11/2015 21:00,22.9,91,968.5,0,359
7/11/2015 22:00,22.6,93,968.1,0.3,29
7/11/2015 23:00,22.4,95,967.8,0,359
8/11/2015 0:00,22.4,97,968.5,0,359
8/11/2015 1:00,22.6,97,969.6,0.2,344
8/11/2015 2:00,22.9,99,970.3,0.1,174
8/11/2015 3:00,23.4,96,971.2,0.9,48
8/11/2015 4:00,23.7,97,971,0.3,348
8/11/2015 5:00,24.7,90,970.8,0.8,40
8/11/2015 6:00,25.1,87,970.1,0.2,7
8/11/2015 7:00,25.6,85,968.5,0.7,2
8/11/2015 8:00,26.1,83,967.5,0.8,45
8/11/2015 9:00,26.4,80,967.1,0.2,359
8/11/2015 10:00,25.7,82,966.9,0.6,85
8/11/2015 11:00,25,84,967.1,1.2,75
8/11/2015 12:00,24.5,85,967.3,0.3,12
8/11/2015 13:00,23.2,88,968,1.3,64
8/11/2015 14:00,22.5,92,968.5,0.4,67
8/11/2015 15:00,22.7,96,969.5,0.3,28
8/11/2015 16:00,22.6,99,969.4,0.6,326
8/11/2015 17:00,22.5,0,968.6,0.5,298
8/11/2015 18:00,22.5,0,968.1,0.3,46
8/11/2015 19:00,22.6,0,967.2,0.6,334
8/11/2015 20:00,22.6,0,966.1,0.2,159
8/11/2015 21:00,22.6,0,965.7,0.6,337
8/11/2015 22:00,22.5,0,964.9,0.3,70
8/11/2015 23:00,22.5,0,965.4,0.2,84
9/11/2015 0:00,22.3,0,965.8,0.4,357
9/11/2015 1:00,22.3,0,967,0.4,56
9/11/2015 2:00,22.2,0,966.9,1.8,341
9/11/2015 3:00,22.1,0,967.1,1.1,2
9/11/2015 4:00,22.3,0,966.6,1.7,66
9/11/2015 5:00,22.2,0,966.8,0.2,62
9/11/2015 6:00,22.5,0,965.7,0.7,77
9/11/2015 7:00,22.4,0,964.8,1.1,31
9/11/2015 8:00,22.8,0,963.2,1.9,359
9/11/2015 9:00,22.7,0,961.9,1,346
9/11/2015 10:00,22.6,0,961.5,0.8,82
9/11/2015 11:00,22.5,0,962,0.6,75
9/11/2015 12:00,22.4,0,962.4,1.3,13
9/11/2015 13:00,22.5,0,962.7,0.8,11
9/11/2015 14:00,22.4,0,963.5,1.2,52
9/11/2015 15:00,22.3,0,964,0.5,345
9/11/2015 16:00,21.7,0,964.2,0.9,44
9/11/2015 17:00,21.8,0,964,1,7
9/11/2015 18:00,21.8,0,964,1.2,69
9/11/2015 19:00,21.7,0,963.1,0.6,27
9/11/2015 20:00,21.9,0,962.7,0.3,10
9/11/2015 21:00,22,0,961.9,1.2,0
9/11/2015 22:00,21.9,0,961.3,0.7,33
9/11/2015 23:00,21.8,0,961.3,0.9,33
10/11/2015 0:00,21.7,0,961.7,0.8,25
10/11/2015 1:00,22,0,962.5,0.6,0
10/11/2015 2:00,22.2,0,963.4,0.1,300
10/11/2015 3:00,22.6,0,964.2,0.5,21
10/11/2015 4:00,23.1,0,964.7,1.7,65
10/11/2015 5:00,23.3,0,964.5,1.1,356
10/11/2015 6:00,23.5,0,963.8,1.1,54
10/11/2015 7:00,23.7,0,963,1.8,45
10/11/2015 8:00,23.6,0,962.4,1.4,56
10/11/2015 9:00,23.3,0,962,0.8,13
10/11/2015 10:00,22.9,0,962.1,1.5,38
10/11/2015 11:00,22.8,0,962.5,1.1,59
10/11/2015 12:00,22.6,0,963.1,1.2,50
10/11/2015 13:00,22.2,0,964.1,1.9,44
10/11/2015 14:00,22.1,0,965.2,1.7,78
10/11/2015 15:00,22.2,0,965.8,0.8,55
10/11/2015 16:00,22.2,0,966.2,1.6,72
10/11/2015 17:00,22.5,0,966.4,1.7,55
10/11/2015 18:00,22.4,0,966.3,0.4,34
10/11/2015 19:00,22.4,0,965.9,2.2,71
10/11/2015 20:00,22.2,0,965.3,2.2,49
10/11/2015 21:00,22.1,0,965.1,1.3,44
10/11/2015 22:00,22.1,0,964.8,1.8,57
10/11/2015 23:00,22.2,0,965,1,57
11/11/2015 0:00,22.3,0,965.7,0.9,75
11/11/2015 1:00,22.2,0,966.7,0.7,38
11/11/2015 2:00,22.5,0,967.7,1.5,68
11/11/2015 3:00,22.7,0,968.8,0.6,99
11/11/2015 4:00,22.8,0,969.1,0.4,26
11/11/2015 5:00,23.4,0,969.1,0.8,51
11/11/2015 6:00,23.6,0,968.8,0.7,46
11/11/2015 7:00,23.7,0,968,1.2,33
11/11/2015 8:00,23.8,0,967.3,2.1,47
11/11/2015 9:00,22.7,0,966.7,1.7,45
11/11/2015 10:00,22.4,0,966.7,1.3,359
11/11/2015 11:00,22.4,0,966.8,0.4,24
11/11/2015 12:00,22.4,0,967.6,0.3,25
11/11/2015 13:00,22.5,0,968.2,0,359
11/11/2015 14:00,22.5,0,969.1,0.5,138
11/11/2015 15:00,22.5,0,970.2,0,359
11/11/2015 16:00,22.4,0,970.5,0.5,184
11/11/2015 17:00,22.4,0,970.7,0.6,139
11/11/2015 18:00,22.3,0,970.6,0.6,144
11/11/2015 19:00,22.3,0,970.1,0,359
11/11/2015 20:00,22.3,0,969.7,0,359
11/11/2015 21:00,22.2,0,968.9,0.7,53
11/11/2015 22:00,22,0,968.4,0,359
11/11/2015 23:00,21.7,0,968.3,0,359
12/11/2015 0:00,21.3,0,968.7,0,359
12/11/2015 1:00,21.1,0,969.6,1,28
12/11/2015 2:00,22.1,0,970.4,0.8,9
12/11/2015 3:00,23.4,0,970.9,0.5,324
12/11/2015 4:00,26,98,971.3,0.9,357
12/11/2015 5:00,27.6,85,971.3,2.5,89
12/11/2015 6:00,27,84,970.7,2.8,67
12/11/2015 7:00,28.3,78,969.6,2.1,72
12/11/2015 8:00,24.7,96,969.2,1.9,53
12/11/2015 9:00,26.5,91,968.4,1.4,61
12/11/2015 10:00,24.2,0,968.3,0.9,32
12/11/2015 11:00,23.6,0,968.6,0.9,19
12/11/2015 12:00,23.4,0,969.2,0.5,335
12/11/2015 13:00,23,0,969.8,0.2,224
12/11/2015 14:00,22.9,0,970.7,0.4,332
12/11/2015 15:00,22.9,0,971.5,0,359
12/11/2015 16:00,22.9,0,972,0.7,175
12/11/2015 17:00,22.7,0,972,0.6,139
12/11/2015 18:00,22.6,0,971.5,0.5,262
12/11/2015 19:00,22.5,0,971.1,0.5,139
12/11/2015 20:00,22.2,0,970.4,0.2,152
12/11/2015 21:00,22.5,0,969.8,0.4,324
12/11/2015 22:00,22.3,0,969.3,0.7,337
12/11/2015 23:00,22,0,969.9,0.2,305
13-11-2015 00:00:00,21.9,0,970.3,0.8,347
13-11-2015 01:00:00,21.9,0,971,1.4,340
13-11-2015 02:00:00,21.8,0,972.1,1.6,330
13-11-2015 03:00:00,21.5,0,972.9,0.4,277
13-11-2015 04:00:00,22,0,973.3,0.3,208
13-11-2015 05:00:00,22.3,0,973.9,0.8,166
13-11-2015 06:00:00,22.7,0,973,0.3,252
13-11-2015 07:00:00,23.4,94,971.4,0.4,284
13-11-2015 08:00:00,23.6,90,970.3,0.3,156
13-11-2015 09:00:00,24.2,90,969.2,0.5,322
13-11-2015 10:00:00,24.2,86,968.9,0.2,9
13-11-2015 11:00:00,24,91,969,0,359
13-11-2015 12:00:00,23.2,92,969.5,0.5,50
13-11-2015 13:00:00,22.5,98,969.9,0.6,76
13-11-2015 14:00:00,22,0,970.3,0.1,4
13-11-2015 15:00:00,21.5,95,971.1,0.8,30
13-11-2015 16:00:00,20.8,0,971.3,0.5,90
13-11-2015 17:00:00,20.2,0,971.3,0.7,105
13-11-2015 18:00:00,19.6,0,970.9,0.7,143
13-11-2015 19:00:00,19.3,0,970.3,0.4,53
13-11-2015 20:00:00,19.2,95,969.5,0.5,97
13-11-2015 21:00:00,18.9,93,968.7,0.6,66
13-11-2015 22:00:00,18.2,96,968.1,0.7,112
13-11-2015 23:00:00,19,88,968.1,0.2,356
14-11-2015 00:00:00,18.8,93,968.5,1.1,269
14-11-2015 01:00:00,18.2,97,969.4,0.6,131
14-11-2015 02:00:00,19.9,94,970.3,0.4,142
14-11-2015 03:00:00,22.1,88,971,0.5,184
14-11-2015 04:00:00,24.4,72,970.9,0.7,32
14-11-2015 05:00:00,26,63,970.5,0.6,7
14-11-2015 06:00:00,26.9,55,969.7,1.2,46
14-11-2015 07:00:00,26.8,54,968.5,3.2,70
14-11-2015 08:00:00,27.3,55,967.5,1.7,65
14-11-2015 09:00:00,27.2,55,966.9,2.1,47
14-11-2015 10:00:00,26.3,61,966.3,2.2,53
14-11-2015 11:00:00,26,60,966.6,1.3,62
14-11-2015 12:00:00,24.9,67,967.3,0.6,359
14-11-2015 13:00:00,24.1,73,968,0.5,7
14-11-2015 14:00:00,23.7,76,968.6,0.2,17
14-11-2015 15:00:00,23.4,80,969.6,0.4,338
14-11-2015 16:00:00,22.8,84,969.9,0.5,132
14-11-2015 17:00:00,22.6,88,969.7,0.3,88
14-11-2015 18:00:00,22.3,91,969.1,0.6,120
14-11-2015 19:00:00,22.2,91,968.1,0.4,128
14-11-2015 20:00:00,21.7,93,967.6,0.4,128
14-11-2015 21:00:00,21.9,91,967.3,0,359
14-11-2015 22:00:00,21.8,94,966.4,0.6,141
14-11-2015 23:00:00,21.6,94,966.1,1,138
15-11-2015 00:00:00,21.8,89,966.7,0,359
15-11-2015 01:00:00,21.8,91,967.4,0.3,249
15-11-2015 02:00:00,22.2,92,968.4,0.3,310
15-11-2015 03:00:00,22.3,93,968.8,0.3,118
15-11-2015 04:00:00,22.4,98,969.6,0.6,128
15-11-2015 05:00:00,22.4,0,969.8,0.3,230
15-11-2015 06:00:00,22.3,0,969.3,0,359
15-11-2015 07:00:00,22.3,0,968.8,0.2,264
15-11-2015 08:00:00,22.1,0,967.4,0.1,184
15-11-2015 09:00:00,21.8,0,966.2,1,331
15-11-2015 10:00:00,21.7,0,966.1,0.5,320
15-11-2015 11:00:00,21.5,0,966.7,0,359
15-11-2015 12:00:00,21.2,0,965.9,0.2,41
15-11-2015 13:00:00,21.4,0,966.7,0.6,301
15-11-2015 14:00:00,21.4,0,967.5,0.7,305
15-11-2015 15:00:00,21.3,0,967.9,0.7,324
15-11-2015 16:00:00,20.7,0,968.6,1.8,330
15-11-2015 17:00:00,20.2,0,968.5,1.2,338
15-11-2015 18:00:00,20.1,0,968.1,1,340
15-11-2015 19:00:00,20.1,0,967.1,0,359
15-11-2015 20:00:00,19.8,0,966.4,0.5,269
15-11-2015 21:00:00,19.8,0,965.5,2,328
15-11-2015 22:00:00,19.6,0,965.5,1.7,328
15-11-2015 23:00:00,19.7,0,965.4,0.6,322
16-11-2015 00:00:00,19.7,0,965.7,1.4,329
16-11-2015 01:00:00,20,0,965.7,1.6,346
16-11-2015 02:00:00,20.2,0,966.6,0.8,352
16-11-2015 03:00:00,20.7,0,967.2,0.3,273
16-11-2015 04:00:00,20.8,0,967.6,0.8,311
16-11-2015 05:00:00,21,0,967.4,0.4,313
16-11-2015 06:00:00,21.2,0,966.8,2,332
16-11-2015 07:00:00,21.1,0,966,1.4,325
16-11-2015 08:00:00,21,0,965.3,0.9,311
16-11-2015 09:00:00,21.6,0,964.3,1.1,322
16-11-2015 10:00:00,21.9,0,963.9,2.2,331
16-11-2015 11:00:00,21.4,0,964.3,2.2,327
16-11-2015 12:00:00,21.8,99,964.9,0.7,344
16-11-2015 13:00:00,21.7,96,965.2,1.4,315
16-11-2015 14:00:00,21.5,97,966,0.5,80
16-11-2015 15:00:00,21.6,95,966.7,1.9,335
16-11-2015 16:00:00,21.7,94,966.7,1.4,340
16-11-2015 17:00:00,21.6,94,966.7,1.2,320
16-11-2015 18:00:00,21.5,93,966,2,341
16-11-2015 19:00:00,21.3,93,965.3,1.7,325
16-11-2015 20:00:00,21.3,91,964.8,3.1,333
16-11-2015 21:00:00,21.2,90,964,2.3,328
16-11-2015 22:00:00,21,92,964,1.4,329
16-11-2015 23:00:00,20.9,93,964.4,1.7,331
17-11-2015 00:00:00,20.6,94,964.7,1.7,324
17-11-2015 01:00:00,20.2,94,965.4,3,335
17-11-2015 02:00:00,20.6,93,966.3,2.4,334
17-11-2015 03:00:00,20.9,93,967,2.3,333
17-11-2015 04:00:00,21.9,90,967.4,1.8,349
17-11-2015 05:00:00,22.4,87,967.4,1.9,322
17-11-2015 06:00:00,22.2,91,966.8,2.4,323
17-11-2015 07:00:00,22.3,92,966,2.2,325
17-11-2015 08:00:00,22.6,89,965.1,1.3,317
17-11-2015 09:00:00,22.4,88,964.4,3.3,319
17-11-2015 10:00:00,22.3,89,964.5,2.3,325
17-11-2015 11:00:00,21.7,93,965,1.9,325
17-11-2015 12:00:00,21.3,0,965.5,0.4,15
17-11-2015 13:00:00,21.1,0,965.8,0.1,216
17-11-2015 14:00:00,21.2,0,966.8,0.2,341
17-11-2015 15:00:00,21,0,967.5,0.2,343
17-11-2015 16:00:00,21.1,0,967.7,1,331
17-11-2015 17:00:00,20.9,0,967.7,0.4,359
17-11-2015 18:00:00,20.9,0,967.7,1.2,333
17-11-2015 19:00:00,20.7,0,967,0.4,356
17-11-2015 20:00:00,20.8,99,966.4,1.2,343
17-11-2015 21:00:00,20.5,0,965.9,0.2,357
17-11-2015 22:00:00,20.6,0,965.8,0.8,349
17-11-2015 23:00:00,20.8,0,965.9,0.8,334
18-11-2015 00:00:00,20.7,0,966.4,0.3,357
18-11-2015 01:00:00,20.7,0,967.2,1.4,330
18-11-2015 02:00:00,21,0,967.7,0.5,6
18-11-2015 03:00:00,22.5,99,968.5,0.3,327
18-11-2015 04:00:00,24.1,88,969,0.6,143
18-11-2015 05:00:00,24.8,88,968.9,0.7,38
18-11-2015 06:00:00,24.8,88,968.1,1.3,29
18-11-2015 07:00:00,23.8,91,967,0.5,17
18-11-2015 08:00:00,24.9,85,966,0.4,57
18-11-2015 09:00:00,25.8,83,965.4,0.7,24
18-11-2015 10:00:00,23.9,98,965.7,0.8,355
18-11-2015 11:00:00,22.7,0,966.2,0.9,339
18-11-2015 12:00:00,22.3,0,966.7,0.4,190
18-11-2015 13:00:00,22.2,0,967.3,0.5,251
18-11-2015 14:00:00,21.9,0,968.2,1,148
18-11-2015 15:00:00,22,0,968.9,0.3,137
18-11-2015 16:00:00,22,0,969.3,0.2,340
18-11-2015 17:00:00,22,0,969.1,0,359
18-11-2015 18:00:00,22,0,969.1,0.2,357
18-11-2015 19:00:00,21.7,0,968.4,0.4,348
18-11-2015 20:00:00,21.8,0,967.7,0,359
18-11-2015 21:00:00,21.8,0,967.4,0.2,54
18-11-2015 22:00:00,22.1,0,967.1,0.4,329
18-11-2015 23:00:00,22.1,0,967.2,0.2,24
19-11-2015 00:00:00,22.2,0,967.6,0.3,1
19-11-2015 01:00:00,22.3,0,968.3,0.4,351
19-11-2015 02:00:00,22.3,0,969.2,0.8,11
19-11-2015 03:00:00,23,0,970.1,0.7,9
19-11-2015 04:00:00,23.1,0,970.4,0.5,359
19-11-2015 05:00:00,23.3,0,970.4,0.4,331
19-11-2015 06:00:00,23.7,0,969.7,1.4,358
19-11-2015 07:00:00,24.6,0,968.4,0.9,7
19-11-2015 08:00:00,25.1,0,967.4,0.6,67
19-11-2015 09:00:00,25,0,966.9,0.8,55
19-11-2015 10:00:00,25.1,99,967.1,1.6,75
19-11-2015 11:00:00,24.1,0,967.6,1.6,66
19-11-2015 12:00:00,23.5,0,968.3,1.3,48
19-11-2015 13:00:00,23.1,0,969.2,1.3,54
19-11-2015 14:00:00,22.9,0,969.7,0.2,348
19-11-2015 19:00:00,22.7,0,969.5,0.2,339
19-11-2015 20:00:00,22.7,0,968.6,0.2,18
19-11-2015 21:00:00,22.6,0,968.2,0.9,39
19-11-2015 22:00:00,22.7,0,967.8,0.7,40
19-11-2015 23:00:00,22.7,0,967.8,0.9,59
20-11-2015 00:00:00,22.4,0,968.2,0,359
20-11-2015 01:00:00,22.4,0,969,0.4,71
20-11-2015 02:00:00,23,0,970.1,0.5,21
20-11-2015 03:00:00,23.5,0,970.7,0.5,94
20-11-2015 04:00:00,25,98,971.1,1.1,37
20-11-2015 05:00:00,25.9,89,970.7,1.3,99
20-11-2015 06:00:00,27.5,83,969.8,1,80
20-11-2015 07:00:00,26.7,84,968.5,1.1,134
20-11-2015 08:00:00,27.3,83,967.8,2.1,50
20-11-2015 09:00:00,27.3,82,966.8,1.1,5
20-11-2015 10:00:00,26.9,82,966.9,1.4,67
20-11-2015 11:00:00,26.8,82,967.1,1.9,73
20-11-2015 12:00:00,24.6,90,968.1,1.4,74
20-11-2015 13:00:00,23.7,93,968.8,1.8,67
20-11-2015 14:00:00,23.7,96,969.8,2.3,53
20-11-2015 15:00:00,23.5,98,970.7,1.5,60
20-11-2015 16:00:00,23.4,98,971,1,59
20-11-2015 17:00:00,23.3,0,971,0.9,60
20-11-2015 18:00:00,23.1,0,970.7,0.2,355
20-11-2015 19:00:00,22.8,0,970.1,0.1,1
20-11-2015 20:00:00,22.6,0,969.4,0.1,36
20-11-2015 21:00:00,22.4,0,968.9,0.6,359
20-11-2015 22:00:00,22.2,0,968.6,1.3,66
20-11-2015 23:00:00,22,0,968.8,0.6,353
21-11-2015 00:00:00,21.8,0,969.2,0,359
21-11-2015 01:00:00,21.6,0,969.8,0,359
21-11-2015 02:00:00,22.3,0,970.6,0,359
21-11-2015 03:00:00,23.4,0,971.5,0.4,337
21-11-2015 04:00:00,26.1,87,971.7,1.9,60
21-11-2015 05:00:00,27,85,971,1.1,73
21-11-2015 06:00:00,27.8,79,969.9,1.7,60
21-11-2015 07:00:00,28.4,74,968.8,1.9,44
21-11-2015 08:00:00,27.1,80,967.7,1.9,78
21-11-2015 09:00:00,26.6,79,967.1,2.3,67
21-11-2015 10:00:00,25.3,88,967,2.3,78
21-11-2015 11:00:00,25.4,89,967.1,1.2,55
21-11-2015 12:00:00,25.6,87,967.8,1.6,71
21-11-2015 13:00:00,24.8,91,968.7,1.7,77
21-11-2015 14:00:00,24.4,95,969.6,1.2,68
21-11-2015 15:00:00,24.1,98,970.3,0.3,23
21-11-2015 16:00:00,23.6,0,970.7,0.6,64
21-11-2015 17:00:00,22.8,0,970.6,0.8,36
21-11-2015 18:00:00,22.5,0,970.3,0.8,21
21-11-2015 19:00:00,22.5,0,969.7,0.2,338
21-11-2015 20:00:00,22.3,0,969.2,0.1,73
21-11-2015 21:00:00,22.3,0,968.5,0,359
21-11-2015 22:00:00,22.4,0,968.1,0.5,33
21-11-2015 23:00:00,22.4,0,968,0,359
22-11-2015 00:00:00,22.5,0,968.4,0.5,339
22-11-2015 01:00:00,22.3,0,969,0.1,312
22-11-2015 02:00:00,22.6,0,970,0,359
22-11-2015 03:00:00,22.9,0,971.1,0.4,21
22-11-2015 04:00:00,23.3,0,971.5,1.1,63
22-11-2015 05:00:00,25.1,97,970.8,0.9,15
22-11-2015 06:00:00,26.9,82,970.1,1.6,58
22-11-2015 07:00:00,27.1,81,968.9,1.8,72
22-11-2015 08:00:00,24.2,0,968.1,0.7,354
22-11-2015 09:00:00,24.3,0,967.4,0.2,22
22-11-2015 10:00:00,21.5,0,968.4,1.3,45
22-11-2015 11:00:00,21.1,0,968.3,0,359
22-11-2015 12:00:00,21.4,0,968.8,0,359
22-11-2015 13:00:00,21.5,0,969.5,0,359
22-11-2015 14:00:00,21.7,0,970.4,0.4,205
22-11-2015 15:00:00,22,0,971.3,0.1,327
22-11-2015 16:00:00,22,0,971.8,0,359
22-11-2015 17:00:00,22,0,971.4,0,359
22-11-2015 18:00:00,22.1,0,970.8,0,359
22-11-2015 19:00:00,22,0,970.4,0.2,13
22-11-2015 20:00:00,22.2,0,969.6,0,359
22-11-2015 21:00:00,22.4,0,968.5,0.8,46
22-11-2015 22:00:00,22,0,968.3,0.9,80
22-11-2015 23:00:00,22.1,0,968.7,1,63
23-11-2015 00:00:00,22.2,0,969.2,1.2,54
23-11-2015 01:00:00,22.3,0,970.1,0.9,62
23-11-2015 02:00:00,22.4,0,971.1,0.7,37
23-11-2015 03:00:00,22.9,0,971.7,0.8,358
23-11-2015 04:00:00,23.6,0,972.3,0.8,72
23-11-2015 05:00:00,24.3,0,972.3,0.9,26
23-11-2015 06:00:00,24.4,0,971.6,0.8,62
23-11-2015 07:00:00,24.9,97,970.3,1.2,355
23-11-2015 08:00:00,26.2,89,968.9,0.7,107
23-11-2015 09:00:00,24.5,99,968.2,0.8,40
23-11-2015 10:00:00,24.6,98,968,1.1,38
23-11-2015 11:00:00,24.4,98,968.2,0.9,35
23-11-2015 12:00:00,22.2,0,969,1.3,37
23-11-2015 13:00:00,22,0,969.7,0.5,14
23-11-2015 14:00:00,22.3,0,970.7,0.1,225
23-11-2015 15:00:00,22.4,0,971.6,0.1,256
23-11-2015 16:00:00,22.3,0,972.3,0.3,226
23-11-2015 17:00:00,22.3,0,972.3,0.2,199
23-11-2015 18:00:00,22,0,971.9,1.2,225
23-11-2015 19:00:00,21.6,0,971.8,1,255
23-11-2015 20:00:00,21.5,0,971.2,0.5,251
23-11-2015 21:00:00,21.5,0,970.6,0,359
23-11-2015 22:00:00,21.3,0,970,0.2,126
23-11-2015 23:00:00,20.9,0,970,0.3,45
24-11-2015 00:00:00,20.5,0,970.3,0.4,154
24-11-2015 01:00:00,20.7,0,971.2,0.3,142
24-11-2015 02:00:00,21.5,0,971.9,0.4,349
24-11-2015 03:00:00,22.6,0,972.8,0.2,267
24-11-2015 04:00:00,23.8,0,972.8,0.3,60
24-11-2015 05:00:00,25.8,89,972.3,1.5,27
24-11-2015 06:00:00,27.1,77,971.6,1.6,15
24-11-2015 07:00:00,27.9,73,970.5,1,62
24-11-2015 08:00:00,28.2,68,969.3,1.4,45
24-11-2015 09:00:00,28.1,68,968.6,0.9,56
24-11-2015 10:00:00,28.1,64,968.2,1.7,52
24-11-2015 11:00:00,27.8,65,968.3,1.7,94
24-11-2015 12:00:00,26,72,968.7,1,78
24-11-2015 13:00:00,24.6,81,969.4,1.4,91
24-11-2015 14:00:00,23.4,88,970.5,0.7,38
24-11-2015 15:00:00,23.2,93,971.3,1.6,68
24-11-2015 16:00:00,22.9,96,972,1.4,35
24-11-2015 17:00:00,22.3,99,972.1,0.1,23
24-11-2015 18:00:00,21.9,0,971.9,0,359
24-11-2015 19:00:00,21.6,0,971.2,0,359
24-11-2015 20:00:00,20.4,0,970.1,0,359
24-11-2015 21:00:00,20.2,0,969.7,0,359
24-11-2015 22:00:00,20.4,0,969.3,0,359
24-11-2015 23:00:00,20.4,0,969.4,0,359
25-11-2015 00:00:00,20.2,0,969.8,0,359
25-11-2015 01:00:00,20,0,970.3,0.1,158
25-11-2015 02:00:00,20.2,0,971.2,0,359
25-11-2015 03:00:00,20.4,0,972.1,0,359
25-11-2015 04:00:00,23.4,92,972.1,0.1,209
25-11-2015 05:00:00,26.2,65,971.7,0.8,59
25-11-2015 06:00:00,27.5,57,970.9,2.9,116
25-11-2015 07:00:00,27.8,58,970,1.7,103
25-11-2015 08:00:00,27.8,55,969.2,3.1,78
25-11-2015 09:00:00,27.7,55,968.4,1.8,77
25-11-2015 10:00:00,27.7,60,968.1,1.2,60
25-11-2015 11:00:00,26.5,63,968.3,1.4,58
25-11-2015 12:00:00,25.6,71,968.8,1.3,66
25-11-2015 13:00:00,24.4,74,969.3,1.3,75
25-11-2015 14:00:00,23.9,78,970.2,1.4,56
25-11-2015 15:00:00,23.6,83,971.1,1.3,75
25-11-2015 16:00:00,23.2,83,971.9,0.6,128
25-11-2015 17:00:00,23.3,85,971.9,0.9,54
25-11-2015 18:00:00,23,87,971.7,0,359
25-11-2015 19:00:00,22.8,90,971.4,0,359
25-11-2015 20:00:00,22.5,94,970.7,0.2,96
25-11-2015 21:00:00,22.1,94,970,0,359
25-11-2015 22:00:00,21.8,96,969.6,0,359
25-11-2015 23:00:00,21,97,969.4,0.3,116
26-11-2015 00:00:00,20.6,95,969.5,0,359
26-11-2015 01:00:00,20,97,970.4,0,359
26-11-2015 02:00:00,21.3,98,971.2,0.1,152
26-11-2015 03:00:00,23.6,83,971.9,0.5,258
26-11-2015 04:00:00,25.9,71,971.8,1.1,28
26-11-2015 05:00:00,27.5,59,971.5,1.9,76
26-11-2015 06:00:00,27,62,970.9,1.3,44
26-11-2015 07:00:00,28.2,57,969.8,1.6,85
26-11-2015 08:00:00,28.5,55,968.7,1.2,37
26-11-2015 09:00:00,28.6,57,967.9,2.3,87
26-11-2015 10:00:00,27.3,66,967.6,1.2,90
26-11-2015 11:00:00,26,69,967.7,1.6,93
26-11-2015 12:00:00,25.4,72,968.3,1.1,74
26-11-2015 13:00:00,24.5,78,968.9,0.8,53
26-11-2015 14:00:00,23.7,78,969.5,0.9,49
26-11-2015 15:00:00,23.1,80,970.4,0.5,2
26-11-2015 16:00:00,22.4,77,970.8,1.1,43
26-11-2015 17:00:00,22.1,81,970.9,0.6,7
26-11-2015 18:00:00,21.7,84,970.6,0.4,54
26-11-2015 19:00:00,21,90,970.1,0.8,301
26-11-2015 20:00:00,20.4,93,969.8,0.5,134
26-11-2015 21:00:00,19.9,94,969,0.8,116
26-11-2015 22:00:00,19.3,90,968.5,0,359
26-11-2015 23:00:00,19.2,96,968.5,0,359
27-11-2015 00:00:00,18.5,97,968.8,0,359
27-11-2015 01:00:00,18.3,93,969.5,0.4,58
27-11-2015 02:00:00,19.3,94,969.9,0.3,205
27-11-2015 03:00:00,22.7,79,970.1,0.3,174
27-11-2015 04:00:00,24,72,970.3,0.4,323
27-11-2015 05:00:00,25.5,64,970.2,1.7,18
27-11-2015 06:00:00,27.7,53,969.5,2,81
27-11-2015 07:00:00,28.4,48,968.3,2.1,75
27-11-2015 08:00:00,28.5,48,967.5,2.3,82
27-11-2015 09:00:00,28.6,48,966.8,1.9,86
27-11-2015 10:00:00,28,55,966.6,1.9,66
27-11-2015 11:00:00,27,58,966.7,1.7,69
27-11-2015 12:00:00,25.3,68,967.4,1.1,76
27-11-2015 13:00:00,24,73,968.1,1,31
27-11-2015 14:00:00,22.8,82,968.8,1,359
27-11-2015 15:00:00,21.8,87,969.6,1.4,27
27-11-2015 16:00:00,20.6,93,970.1,0.8,19
27-11-2015 17:00:00,20.4,97,970.5,0.2,3
27-11-2015 18:00:00,20.1,96,970.1,0,359
27-11-2015 19:00:00,20.3,98,970.1,0,359
27-11-2015 20:00:00,19.8,99,969.9,0,359
27-11-2015 21:00:00,19.9,0,969.6,0,359
27-11-2015 22:00:00,19.8,0,969.1,0.2,6
27-11-2015 23:00:00,19.1,0,969.1,0.1,350
28-11-2015 00:00:00,18.8,0,969.8,0,359
28-11-2015 01:00:00,18.8,0,970.3,0,359
28-11-2015 02:00:00,18.8,0,971.4,0,359
28-11-2015 03:00:00,20,0,972.2,0,359
28-11-2015 04:00:00,23.5,84,972.3,0.8,17
28-11-2015 05:00:00,26,70,972.2,0.7,73
28-11-2015 06:00:00,26.8,64,971.5,1.2,19
28-11-2015 07:00:00,27.4,59,970.8,1.7,80
28-11-2015 08:00:00,27.8,60,969.9,2,78
28-11-2015 09:00:00,27.8,59,969.3,2.4,74
28-11-2015 10:00:00,27.7,58,969.2,1.2,84
28-11-2015 11:00:00,27.2,62,969.4,1.7,61
28-11-2015 12:00:00,25.9,70,969.9,0.8,87
28-11-2015 13:00:00,24.5,78,970.7,1.3,57
28-11-2015 14:00:00,23.6,82,971.5,0.8,27
28-11-2015 15:00:00,23.5,85,972.4,0.9,45
28-11-2015 16:00:00,22.8,90,973,0.5,357
28-11-2015 17:00:00,22.4,94,973,0.4,0
28-11-2015 18:00:00,22,97,972.6,0,359
28-11-2015 19:00:00,21.8,97,972.3,0.1,93
28-11-2015 20:00:00,21.5,98,971.6,0,359
28-11-2015 21:00:00,21.9,99,970.9,0,359
28-11-2015 22:00:00,22,97,970.4,0,359
28-11-2015 23:00:00,22.1,97,970.5,0,359
29-11-2015 00:00:00,21.8,97,970.2,0.2,297
29-11-2015 01:00:00,21.9,98,971.1,0.2,152
29-11-2015 02:00:00,22.2,98,971.7,0.6,169
29-11-2015 03:00:00,22.6,98,972.5,0.3,238
29-11-2015 04:00:00,22.7,98,973,0.6,7
29-11-2015 05:00:00,24.7,91,972.8,0.4,16
29-11-2015 06:00:00,25.8,84,972,1.2,11
29-11-2015 07:00:00,24.4,88,971.2,1.7,62
29-11-2015 08:00:00,25.2,84,970.2,1.8,60
29-11-2015 09:00:00,25.2,81,969.6,0.5,3
29-11-2015 10:00:00,24.2,88,969.6,1.3,60
29-11-2015 11:00:00,23.8,94,969.6,0.1,0
29-11-2015 12:00:00,23.8,95,969.9,0,359
29-11-2015 13:00:00,23.6,97,970.4,0,359
29-11-2015 14:00:00,23.4,0,971.6,0,359
29-11-2015 15:00:00,22.7,0,972.4,1.3,30
29-11-2015 16:00:00,22.2,0,972.8,0.3,23
29-11-2015 17:00:00,22.4,0,973,0.2,107
29-11-2015 18:00:00,22.4,0,972.5,0.2,340
29-11-2015 19:00:00,22.4,0,972.1,0,359
29-11-2015 20:00:00,22.4,0,971.6,0,359
29-11-2015 21:00:00,22.2,0,971.1,0.4,47
29-11-2015 22:00:00,22,0,970.8,0.1,39
29-11-2015 23:00:00,22,0,971.3,0,359
30-11-2015 00:00:00,21.8,0,971.9,0.1,138
30-11-2015 01:00:00,22.1,0,972.4,0.4,344
30-11-2015 02:00:00,22.2,0,973.4,0.3,36
30-11-2015 03:00:00,22.5,0,974.1,0.4,345
30-11-2015 04:00:00,23,0,973.8,0.4,15
30-11-2015 05:00:00,23.3,0,973.2,0.4,14
30-11-2015 06:00:00,24.1,0,972.5,0.9,20
30-11-2015 07:00:00,25,94,971.6,0.6,29
30-11-2015 08:00:00,25.5,92,970.6,0.9,7
30-11-2015 09:00:00,26.3,81,969.3,1.7,36
30-11-2015 10:00:00,25.4,86,968.9,1.1,65
30-11-2015 11:00:00,24.6,92,969.4,0.3,35
30-11-2015 12:00:00,24.7,93,970,2.7,73
30-11-2015 13:00:00,22,0,970.6,0.6,336
30-11-2015 14:00:00,22.1,0,971.4,0.6,303
30-11-2015 15:00:00,22.1,0,972.3,0.4,176
30-11-2015 16:00:00,22.1,0,972.7,0.2,239
30-11-2015 17:00:00,22.1,0,972.5,0.2,359
30-11-2015 18:00:00,21.9,0,971.8,0,359
30-11-2015 19:00:00,22,0,971.4,0,359
30-11-2015 20:00:00,21.4,0,970.9,1.2,69
30-11-2015 21:00:00,20.7,0,970.1,0.3,21
30-11-2015 22:00:00,20.7,0,969.5,0.3,17
30-11-2015 23:00:00,20.8,0,969.6,0.2,4
