11/1/2015 0:00,3.2266,152.1565
11/1/2015 0:15,3.2218,152.3708
11/1/2015 0:30,3.217,152.5857
11/1/2015 0:45,3.2122,152.8012
11/1/2015 1:00,3.3457,152.7827
11/1/2015 1:15,3.4792,152.7656
11/1/2015 1:30,3.6127,152.7497
11/1/2015 1:45,3.7462,152.735
11/1/2015 2:00,3.8658,153.3491
11/1/2015 2:15,3.9858,153.9262
11/1/2015 2:30,4.1062,154.4696
11/1/2015 2:45,4.2269,154.9819
11/1/2015 3:00,4.3446,155.6342
11/1/2015 3:15,4.4627,156.252
11/1/2015 3:30,4.5814,156.8379
11/1/2015 3:45,4.7005,157.3941
11/1/2015 4:00,4.7945,158.4374
11/1/2015 4:15,4.89,159.4402
11/1/2015 4:30,4.987,160.4044
11/1/2015 4:45,5.0854,161.3315
11/1/2015 5:00,5.171,162.5546
11/1/2015 5:15,5.2589,163.7374
11/1/2015 5:30,5.3489,164.8808
11/1/2015 5:45,5.441,165.986
11/1/2015 6:00,5.4871,167.3605
11/1/2015 6:15,5.5363,168.7113
11/1/2015 6:30,5.5885,170.0377
11/1/2015 6:45,5.6436,171.3388
11/1/2015 7:00,5.6305,172.4357
11/1/2015 7:15,5.6194,173.5373
11/1/2015 7:30,5.6104,174.6429
11/1/2015 7:45,5.6035,175.7516
11/1/2015 8:00,5.5373,176.2321
11/1/2015 8:15,5.4716,176.7241
11/1/2015 8:30,5.4063,177.2281
11/1/2015 8:45,5.3414,177.7443
11/1/2015 9:00,5.241,177.7979
11/1/2015 9:15,5.1407,177.8535
11/1/2015 9:30,5.0403,177.9114
11/1/2015 9:45,4.94,177.9716
11/1/2015 10:00,4.7698,177.977
11/1/2015 10:15,4.5996,177.9828
11/1/2015 10:30,4.4294,177.989
11/1/2015 10:45,4.2591,177.9957
11/1/2015 11:00,4.0385,178.1512
11/1/2015 11:15,3.818,178.3246
11/1/2015 11:30,3.5974,178.5193
11/1/2015 11:45,3.3769,178.7394
11/1/2015 12:00,3.358,178.8047
11/1/2015 12:15,3.339,178.8708
11/1/2015 12:30,3.3201,178.9376
11/1/2015 12:45,3.3012,179.0052
11/1/2015 13:00,3.3123,178.8568
11/1/2015 13:15,3.3235,178.7094
11/1/2015 13:30,3.3347,178.563
11/1/2015 13:45,3.3459,178.4176
11/1/2015 14:00,3.3431,178.2177
11/1/2015 14:15,3.3404,178.0175
11/1/2015 14:30,3.3377,177.8169
11/1/2015 14:45,3.335,177.6161
11/1/2015 15:00,3.323,177.4566
11/1/2015 15:15,3.311,177.2959
11/1/2015 15:30,3.299,177.134
11/1/2015 15:45,3.287,176.971
11/1/2015 16:00,3.2543,177.2993
11/1/2015 16:15,3.2217,177.6342
11/1/2015 16:30,3.1892,177.976
11/1/2015 16:45,3.1568,178.3248
11/1/2015 17:00,3.1264,178.8118
11/1/2015 17:15,3.0962,179.3084
11/1/2015 17:30,3.0662,179.8147
11/1/2015 17:45,3.0365,180.3309
11/1/2015 18:00,3.015,180.968
11/1/2015 18:15,2.9938,181.6142
11/1/2015 18:30,2.973,182.2695
11/1/2015 18:45,2.9526,182.934
11/1/2015 19:00,2.9394,183.6608
11/1/2015 19:15,2.9267,184.3941
11/1/2015 19:30,2.9145,185.1336
11/1/2015 19:45,2.9027,185.8793
11/1/2015 20:00,2.9021,186.6898
11/1/2015 20:15,2.902,187.5005
11/1/2015 20:30,2.9025,188.3111
11/1/2015 20:45,2.9036,189.1212
11/1/2015 21:00,2.9078,189.4825
11/1/2015 21:15,2.9121,189.8428
11/1/2015 21:30,2.9165,190.2019
11/1/2015 21:45,2.9211,190.56
11/1/2015 22:00,2.9002,190.1776
11/1/2015 22:15,2.8794,189.7897
11/1/2015 22:30,2.8587,189.3961
11/1/2015 22:45,2.8382,188.9968
11/1/2015 23:00,2.8104,187.8426
11/1/2015 23:15,2.7838,186.6657
11/1/2015 23:30,2.7583,185.4666
11/1/2015 23:45,2.7341,184.2457
11/2/2015 0:00,2.6789,182.7321
11/2/2015 0:15,2.6257,181.1561
11/2/2015 0:30,2.5745,179.5161
11/2/2015 0:45,2.5255,177.8111
11/2/2015 1:00,2.6089,176.3727
11/2/2015 1:15,2.6938,175.0242
11/2/2015 1:30,2.7801,173.7587
11/2/2015 1:45,2.8677,172.57
11/2/2015 2:00,2.9785,172.7465
11/2/2015 2:15,3.0894,172.9103
11/2/2015 2:30,3.2002,173.0628
11/2/2015 2:45,3.3111,173.205
11/2/2015 3:00,3.3696,173.6716
11/2/2015 3:15,3.4283,174.1222
11/2/2015 3:30,3.4871,174.5576
11/2/2015 3:45,3.5462,174.9785
11/2/2015 4:00,3.5784,175.3262
11/2/2015 4:15,3.6108,175.6676
11/2/2015 4:30,3.6433,176.0029
11/2/2015 4:45,3.6759,176.3323
11/2/2015 5:00,3.7245,176.7689
11/2/2015 5:15,3.7734,177.1943
11/2/2015 5:30,3.8225,177.6087
11/2/2015 5:45,3.8718,178.0126
11/2/2015 6:00,3.9188,178.454
11/2/2015 6:15,3.966,178.885
11/2/2015 6:30,4.0134,179.3058
11/2/2015 6:45,4.0611,179.7167
11/2/2015 7:00,4.0732,180.0388
11/2/2015 7:15,4.0855,180.3589
11/2/2015 7:30,4.0979,180.6771
11/2/2015 7:45,4.1104,180.9933
11/2/2015 8:00,4.0681,181.1458
11/2/2015 8:15,4.0258,181.3014
11/2/2015 8:30,3.9836,181.4604
11/2/2015 8:45,3.9414,181.6227
11/2/2015 9:00,3.8651,181.8553
11/2/2015 9:15,3.7889,182.0973
11/2/2015 9:30,3.7128,182.3491
11/2/2015 9:45,3.6368,182.6116
11/2/2015 10:00,3.5016,182.9832
11/2/2015 10:15,3.3666,183.3846
11/2/2015 10:30,3.2318,183.8196
11/2/2015 10:45,3.0972,184.2924
11/2/2015 11:00,2.9456,184.8486
11/2/2015 11:15,2.7943,185.4651
11/2/2015 11:30,2.6434,186.1521
11/2/2015 11:45,2.493,186.9221
11/2/2015 12:00,2.4403,187.8709
11/2/2015 12:15,2.3883,188.8613
11/2/2015 12:30,2.3371,189.8954
11/2/2015 12:45,2.2867,190.9755
11/2/2015 13:00,2.2612,192.4698
11/2/2015 13:15,2.2373,193.9971
11/2/2015 13:30,2.2151,195.5563
11/2/2015 13:45,2.1945,197.1458
11/2/2015 14:00,2.1691,198.739
11/2/2015 14:15,2.1453,200.3686
11/2/2015 14:30,2.1234,202.0333
11/2/2015 14:45,2.1033,203.7312
11/2/2015 15:00,2.0732,205.0696
11/2/2015 15:15,2.0443,206.4466
11/2/2015 15:30,2.0165,207.8623
11/2/2015 15:45,1.9901,209.3166
11/2/2015 16:00,1.9716,210.5059
11/2/2015 16:15,1.9541,211.7171
11/2/2015 16:30,1.9374,212.9497
11/2/2015 16:45,1.9217,214.2031
11/2/2015 17:00,1.897,214.8889
11/2/2015 17:15,1.8726,215.5927
11/2/2015 17:30,1.8485,216.315
11/2/2015 17:45,1.8247,217.0562
11/2/2015 18:00,1.7918,217.6519
11/2/2015 18:15,1.7592,218.2697
11/2/2015 18:30,1.7268,218.9107
11/2/2015 18:45,1.6946,219.5763
11/2/2015 19:00,1.6438,219.7748
11/2/2015 19:15,1.593,219.9859
11/2/2015 19:30,1.5422,220.211
11/2/2015 19:45,1.4914,220.4514
11/2/2015 20:00,1.4272,218.6651
11/2/2015 20:15,1.3644,216.7122
11/2/2015 20:30,1.3033,214.5738
11/2/2015 20:45,1.2443,212.2289
11/2/2015 21:00,1.1811,207.4984
11/2/2015 21:15,1.1268,202.2732
11/2/2015 21:30,1.0828,196.572
11/2/2015 21:45,1.0503,190.4541
11/2/2015 22:00,1.0434,183.7019
11/2/2015 22:15,1.051,176.954
11/2/2015 22:30,1.0729,170.3924
11/2/2015 22:45,1.1081,164.1708
11/2/2015 23:00,1.164,159.5354
11/2/2015 23:15,1.2267,155.3488
11/2/2015 23:30,1.2953,151.5873
11/2/2015 23:45,1.3689,148.2172
11/3/2015 0:00,1.4089,145.7601
11/3/2015 0:15,1.4514,143.4427
11/3/2015 0:30,1.4961,141.2604
11/3/2015 0:45,1.5428,139.2075
11/3/2015 1:00,1.6204,137.5612
11/3/2015 1:15,1.6993,136.0665
11/3/2015 1:30,1.7791,134.7051
11/3/2015 1:45,1.8599,133.4614
11/3/2015 2:00,1.9524,132.8776
11/3/2015 2:15,2.0451,132.3467
11/3/2015 2:30,2.138,131.8619
11/3/2015 2:45,2.231,131.4175
11/3/2015 3:00,2.2512,130.9239
11/3/2015 3:15,2.2716,130.4392
11/3/2015 3:30,2.2921,129.963
11/3/2015 3:45,2.3128,129.4954
11/3/2015 4:00,2.2856,130.0304
11/3/2015 4:15,2.2586,130.5782
11/3/2015 4:30,2.2318,131.1393
11/3/2015 4:45,2.2053,131.7139
11/3/2015 5:00,2.1686,133.6402
11/3/2015 5:15,2.1345,135.6304
11/3/2015 5:30,2.103,137.6827
11/3/2015 5:45,2.0743,139.7946
11/3/2015 6:00,2.0446,142.4143
11/3/2015 6:15,2.0193,145.1054
11/3/2015 6:30,1.9985,147.8586
11/3/2015 6:45,1.9825,150.6629
11/3/2015 7:00,1.9582,153.3063
11/3/2015 7:15,1.9382,156.0102
11/3/2015 7:30,1.9226,158.7642
11/3/2015 7:45,1.9115,161.5567
11/3/2015 8:00,1.8714,163.063
11/3/2015 8:15,1.8326,164.6342
11/3/2015 8:30,1.7952,166.272
11/3/2015 8:45,1.7594,167.978
11/3/2015 9:00,1.7184,168.4702
11/3/2015 9:15,1.6774,168.9865
11/3/2015 9:30,1.6366,169.5287
11/3/2015 9:45,1.596,170.0984
11/3/2015 10:00,1.5682,170.6894
11/3/2015 10:15,1.5405,171.3016
11/3/2015 10:30,1.5129,171.9363
11/3/2015 10:45,1.4856,172.5943
11/3/2015 11:00,1.4466,172.9661
11/3/2015 11:15,1.4077,173.3586
11/3/2015 11:30,1.3688,173.7733
11/3/2015 11:45,1.33,174.2122
11/3/2015 12:00,1.3183,174.6632
11/3/2015 12:15,1.3067,175.1222
11/3/2015 12:30,1.2952,175.5894
11/3/2015 12:45,1.2838,176.065
11/3/2015 13:00,1.2403,176.7818
11/3/2015 13:15,1.1971,177.5506
11/3/2015 13:30,1.1541,178.3769
11/3/2015 13:45,1.1113,179.2669
11/3/2015 14:00,1.0501,181.3681
11/3/2015 14:15,0.9906,183.7256
11/3/2015 14:30,0.9329,186.3798
11/3/2015 14:45,0.8774,189.3764
11/3/2015 15:00,0.826,192.6975
11/3/2015 15:15,0.7777,196.445
11/3/2015 15:30,0.7332,200.6677
11/3/2015 15:45,0.6931,205.4068
11/3/2015 16:00,0.6639,209.2351
11/3/2015 16:15,0.6379,213.3958
11/3/2015 16:30,0.6155,217.8845
11/3/2015 16:45,0.5971,222.68
11/3/2015 17:00,0.5768,225.9552
11/3/2015 17:15,0.5585,229.4569
11/3/2015 17:30,0.5425,233.1807
11/3/2015 17:45,0.5288,237.114
11/3/2015 18:00,0.5123,240.9102
11/3/2015 18:15,0.4982,244.94
11/3/2015 18:30,0.4867,249.1821
11/3/2015 18:45,0.478,253.6039
11/3/2015 19:00,0.4704,256.3999
11/3/2015 19:15,0.464,259.2807
11/3/2015 19:30,0.4588,262.2346
11/3/2015 19:45,0.4548,265.2484
11/3/2015 20:00,0.4578,270.1265
11/3/2015 20:15,0.464,274.9076
11/3/2015 20:30,0.4734,279.5307
11/3/2015 20:45,0.4857,283.947
11/3/2015 21:00,0.5074,289.7505
11/3/2015 21:15,0.5339,295.0287
11/3/2015 21:30,0.5644,299.7722
11/3/2015 21:45,0.5984,304.0029
11/3/2015 22:00,0.6278,307.229
11/3/2015 22:15,0.659,310.1583
11/3/2015 22:30,0.6918,312.8166
11/3/2015 22:45,0.7259,315.23
11/3/2015 23:00,0.7685,318.2235
11/3/2015 23:15,0.813,320.8959
11/3/2015 23:30,0.8591,323.2863
11/3/2015 23:45,0.9066,325.4298
11/4/2015 0:00,0.9826,328.9918
11/4/2015 0:15,1.0619,332.0322
11/4/2015 0:30,1.1437,334.644
11/4/2015 0:45,1.2277,336.9029
11/4/2015 1:00,1.3778,338.5872
11/4/2015 1:15,1.5288,339.9397
11/4/2015 1:30,1.6806,341.0484
11/4/2015 1:45,1.8329,341.9731
11/4/2015 2:00,1.915,341.4393
11/4/2015 2:15,1.9973,340.9494
11/4/2015 2:30,2.0798,340.4984
11/4/2015 2:45,2.1623,340.0818
11/4/2015 3:00,2.1518,338.5617
11/4/2015 3:15,2.1429,337.0279
11/4/2015 3:30,2.1356,335.4824
11/4/2015 3:45,2.1297,333.9274
11/4/2015 4:00,2.1033,331.1228
11/4/2015 4:15,2.082,328.2538
11/4/2015 4:30,2.066,325.333
11/4/2015 4:45,2.0555,322.3745
11/4/2015 5:00,2.0399,318.4082
11/4/2015 5:15,2.0342,314.4004
11/4/2015 5:30,2.0385,310.3898
11/4/2015 5:45,2.0527,306.4155
11/4/2015 6:00,2.0712,301.6467
11/4/2015 6:15,2.1038,296.9939
11/4/2015 6:30,2.1498,292.5116
11/4/2015 6:45,2.2083,288.2418
11/4/2015 7:00,2.2552,284.1063
11/4/2015 7:15,2.3133,280.1588
11/4/2015 7:30,2.3819,276.4216
11/4/2015 7:45,2.46,272.9074
11/4/2015 8:00,2.5348,269.0454
11/4/2015 8:15,2.6204,265.4201
11/4/2015 8:30,2.7158,262.0367
11/4/2015 8:45,2.82,258.8931
11/4/2015 9:00,2.8905,256.4776
11/4/2015 9:15,2.9658,254.1808
11/4/2015 9:30,3.0457,252.0012
11/4/2015 9:45,3.1297,249.9357
11/4/2015 10:00,3.151,248.5467
11/4/2015 10:15,3.1741,247.177
11/4/2015 10:30,3.199,245.8279
11/4/2015 10:45,3.2256,244.5004
11/4/2015 11:00,3.2261,243.3571
11/4/2015 11:15,3.2279,242.2147
11/4/2015 11:30,3.231,241.074
11/4/2015 11:45,3.2354,239.9359
11/4/2015 12:00,3.2538,239.197
11/4/2015 12:15,3.2727,238.4665
11/4/2015 12:30,3.2921,237.7445
11/4/2015 12:45,3.312,237.0311
11/4/2015 13:00,3.3218,236.8521
11/4/2015 13:15,3.3316,236.6742
11/4/2015 13:30,3.3414,236.4973
11/4/2015 13:45,3.3513,236.3214
11/4/2015 14:00,3.327,236.1065
11/4/2015 14:15,3.3029,235.8883
11/4/2015 14:30,3.2787,235.667
11/4/2015 14:45,3.2546,235.4424
11/4/2015 15:00,3.2534,234.7105
11/4/2015 15:15,3.2528,233.9782
11/4/2015 15:30,3.2526,233.2457
11/4/2015 15:45,3.253,232.5133
11/4/2015 16:00,3.3043,231.9964
11/4/2015 16:15,3.3557,231.4952
11/4/2015 16:30,3.4074,231.0092
11/4/2015 16:45,3.4594,230.5378
11/4/2015 17:00,3.5262,230.4971
11/4/2015 17:15,3.593,230.458
11/4/2015 17:30,3.6598,230.4203
11/4/2015 17:45,3.7266,230.3839
11/4/2015 18:00,3.7645,230.6801
11/4/2015 18:15,3.8026,230.9704
11/4/2015 18:30,3.8407,231.2549
11/4/2015 18:45,3.879,231.5339
11/4/2015 19:00,3.8739,232.2408
11/4/2015 19:15,3.8694,232.9495
11/4/2015 19:30,3.8656,233.6597
11/4/2015 19:45,3.8623,234.3712
11/4/2015 20:00,3.7961,235.8661
11/4/2015 20:15,3.7326,237.413
11/4/2015 20:30,3.6719,239.0122
11/4/2015 20:45,3.6141,240.6639
11/4/2015 21:00,3.525,242.8093
11/4/2015 21:15,3.4411,245.0627
11/4/2015 21:30,3.3628,247.4248
11/4/2015 21:45,3.2905,249.8951
11/4/2015 22:00,3.218,252.067
11/4/2015 22:15,3.1504,254.3356
11/4/2015 22:30,3.0879,256.6997
11/4/2015 22:45,3.0309,259.1571
11/4/2015 23:00,2.9743,261.1826
11/4/2015 23:15,2.9215,263.2839
11/4/2015 23:30,2.8728,265.4594
11/4/2015 23:45,2.8284,267.7067
11/5/2015 0:00,2.8035,269.6102
11/5/2015 0:15,2.7817,271.5457
11/5/2015 0:30,2.7632,273.5095
11/5/2015 0:45,2.7479,275.4974
11/5/2015 1:00,2.798,277.5374
11/5/2015 1:15,2.8516,279.5032
11/5/2015 1:30,2.9084,281.3944
11/5/2015 1:45,2.9682,283.2113
11/5/2015 2:00,2.9735,285.1606
11/5/2015 2:15,2.9823,287.1008
11/5/2015 2:30,2.9945,289.0273
11/5/2015 2:45,3.01,290.9362
11/5/2015 3:00,2.9981,293.4713
11/5/2015 3:15,2.9921,296.0215
11/5/2015 3:30,2.9921,298.5769
11/5/2015 3:45,2.9981,301.1272
11/5/2015 4:00,3.0243,303.3007
11/5/2015 4:15,3.0548,305.4339
11/5/2015 4:30,3.0895,307.522
11/5/2015 4:45,3.1282,309.5612
11/5/2015 5:00,3.1882,310.6241
11/5/2015 5:15,3.2493,311.6473
11/5/2015 5:30,3.3114,312.6325
11/5/2015 5:45,3.3745,313.5811
11/5/2015 6:00,3.4669,313.5875
11/5/2015 6:15,3.5593,313.5936
11/5/2015 6:30,3.6518,313.5993
11/5/2015 6:45,3.7442,313.6048
11/5/2015 7:00,3.8605,313.4643
11/5/2015 7:15,3.9767,313.3321
11/5/2015 7:30,4.093,313.2073
11/5/2015 7:45,4.2093,313.0895
11/5/2015 8:00,4.2926,312.7978
11/5/2015 8:15,4.376,312.5172
11/5/2015 8:30,4.4595,312.2472
11/5/2015 8:45,4.5431,311.987
11/5/2015 9:00,4.5548,311.6753
11/5/2015 9:15,4.5667,311.3652
11/5/2015 9:30,4.5787,311.0568
11/5/2015 9:45,4.5908,310.7499
11/5/2015 10:00,4.5062,310.5502
11/5/2015 10:15,4.4216,310.3429
11/5/2015 10:30,4.337,310.1275
11/5/2015 10:45,4.2525,309.9035
11/5/2015 11:00,4.1016,310.0868
11/5/2015 11:15,3.9507,310.2841
11/5/2015 11:30,3.7999,310.497
11/5/2015 11:45,3.6491,310.7275
11/5/2015 12:00,3.5993,311.2147
11/5/2015 12:15,3.5497,311.7154
11/5/2015 12:30,3.5004,312.2304
11/5/2015 12:45,3.4514,312.7599
11/5/2015 13:00,3.4293,313.3392
11/5/2015 13:15,3.4076,313.9258
11/5/2015 13:30,3.3862,314.5199
11/5/2015 13:45,3.3651,315.1215
11/5/2015 14:00,3.3178,315.6935
11/5/2015 14:15,3.2708,316.282
11/5/2015 14:30,3.2241,316.8876
11/5/2015 14:45,3.1778,317.5109
11/5/2015 15:00,3.1317,318.0003
11/5/2015 15:15,3.0859,318.5044
11/5/2015 15:30,3.0404,319.0236
11/5/2015 15:45,2.9951,319.5586
11/5/2015 16:00,2.9626,319.7021
11/5/2015 16:15,2.9302,319.8488
11/5/2015 16:30,2.8978,319.9989
11/5/2015 16:45,2.8654,320.1523
11/5/2015 17:00,2.8381,320.1511
11/5/2015 17:15,2.8108,320.1499
11/5/2015 17:30,2.7835,320.1487
11/5/2015 17:45,2.7561,320.1474
11/5/2015 18:00,2.7155,320.1392
11/5/2015 18:15,2.6748,320.1307
11/5/2015 18:30,2.6342,320.1219
11/5/2015 18:45,2.5935,320.1129
11/5/2015 19:00,2.5166,320.1915
11/5/2015 19:15,2.4397,320.2749
11/5/2015 19:30,2.3629,320.3639
11/5/2015 19:45,2.286,320.4588
11/5/2015 20:00,2.1643,320.2747
11/5/2015 20:15,2.0427,320.0687
11/5/2015 20:30,1.921,319.8367
11/5/2015 20:45,1.7994,319.5732
11/5/2015 21:00,1.6779,319.0015
11/5/2015 21:15,1.5566,318.3406
11/5/2015 21:30,1.4356,317.568
11/5/2015 21:45,1.3148,316.6534
11/5/2015 22:00,1.2404,315.9308
11/5/2015 22:15,1.1662,315.1163
11/5/2015 22:30,1.0923,314.1912
11/5/2015 22:45,1.0188,313.1323
11/5/2015 23:00,1.0005,313.0901
11/5/2015 23:15,0.9823,313.0465
11/5/2015 23:30,0.9641,313.0012
11/5/2015 23:45,0.9459,312.954
11/6/2015 0:00,0.9494,314.635
11/6/2015 0:15,0.9536,316.3022
11/6/2015 0:30,0.9587,317.9531
11/6/2015 0:45,0.9646,319.5854
11/6/2015 1:00,0.9864,323.602
11/6/2015 1:15,1.0129,327.4264
11/6/2015 1:30,1.0437,331.0407
11/6/2015 1:45,1.0784,334.4354
11/6/2015 2:00,1.1446,339.3943
11/6/2015 2:15,1.2184,343.7822
11/6/2015 2:30,1.2985,347.6492
11/6/2015 2:45,1.3838,351.0532
11/6/2015 3:00,1.4787,353.5774
11/6/2015 3:15,1.576,355.7938
11/6/2015 3:30,1.6754,357.7497
11/6/2015 3:45,1.7766,359.4847
11/6/2015 4:00,1.8259,359.908
11/6/2015 4:15,1.8753,0.309
11/6/2015 4:30,1.9248,0.6894
11/6/2015 4:45,1.9743,1.0507
11/6/2015 5:00,1.9813,0.7987
11/6/2015 5:15,1.9882,0.5485
11/6/2015 5:30,1.9953,0.2999
11/6/2015 5:45,2.0023,0.0532
11/6/2015 6:00,1.9948,359.6395
11/6/2015 6:15,1.9874,359.2227
11/6/2015 6:30,1.9801,358.8028
11/6/2015 6:45,1.9729,358.3798
11/6/2015 7:00,1.9376,357.8494
11/6/2015 7:15,1.9025,357.2994
11/6/2015 7:30,1.8676,356.7288
11/6/2015 7:45,1.8328,356.1365
11/6/2015 8:00,1.7636,355.6554
11/6/2015 8:15,1.6946,355.1352
11/6/2015 8:30,1.6256,354.5707
11/6/2015 8:45,1.5569,353.9563
11/6/2015 9:00,1.429,353.0061
11/6/2015 9:15,1.3015,351.8695
11/6/2015 9:30,1.1746,350.4867
11/6/2015 9:45,1.0486,348.7704
11/6/2015 10:00,0.9237,346.7894
11/6/2015 10:15,0.8003,344.1935
11/6/2015 10:30,0.6791,340.6613
11/6/2015 10:45,0.5616,335.6242
11/6/2015 11:00,0.4952,334.4575
11/6/2015 11:15,0.429,332.9305
11/6/2015 11:30,0.3633,330.849
11/6/2015 11:45,0.2983,327.8544
11/6/2015 12:00,0.2492,321.2599
11/6/2015 12:15,0.2049,311.635
11/6/2015 12:30,0.1693,297.3926
11/6/2015 12:45,0.1489,277.5987
11/6/2015 13:00,0.1328,267.8744
11/6/2015 13:15,0.1215,255.9359
11/6/2015 13:30,0.1164,242.2867
11/6/2015 13:45,0.1183,228.2533
11/6/2015 14:00,0.1121,243.3542
11/6/2015 14:15,0.1142,259.0085
11/6/2015 14:30,0.1242,273.0994
11/6/2015 14:45,0.1404,284.5166
11/6/2015 15:00,0.2273,294.4272
11/6/2015 15:15,0.3172,298.7982
11/6/2015 15:30,0.408,301.2314
11/6/2015 15:45,0.4994,302.7764
11/6/2015 16:00,0.6322,300.0702
11/6/2015 16:15,0.766,298.3061
11/6/2015 16:30,0.9002,297.0673
11/6/2015 16:45,1.0348,296.1503
11/6/2015 17:00,1.1589,295.0717
11/6/2015 17:15,1.2833,294.202
11/6/2015 17:30,1.408,293.4861
11/6/2015 17:45,1.5328,292.8868
11/6/2015 18:00,1.5881,293.4557
11/6/2015 18:15,1.6435,293.9863
11/6/2015 18:30,1.6991,294.4821
11/6/2015 18:45,1.7548,294.9466
11/6/2015 19:00,1.741,297.4308
11/6/2015 19:15,1.7306,299.9497
11/6/2015 19:30,1.7236,302.4941
11/6/2015 19:45,1.72,305.0542
11/6/2015 20:00,1.6858,307.8513
11/6/2015 20:15,1.6558,310.757
11/6/2015 20:30,1.6302,313.7619
11/6/2015 20:45,1.6092,316.8538
11/6/2015 21:00,1.6033,319.7828
11/6/2015 21:15,1.6017,322.7256
11/6/2015 21:30,1.6042,325.6669
11/6/2015 21:45,1.6109,328.5912
11/6/2015 22:00,1.6169,329.0668
11/6/2015 22:15,1.6231,329.5388
11/6/2015 22:30,1.6293,330.0073
11/6/2015 22:45,1.6356,330.4722
11/6/2015 23:00,1.6352,327.7649
11/6/2015 23:15,1.6385,325.0624
11/6/2015 23:30,1.6455,322.3768
11/6/2015 23:45,1.656,319.7194
11/7/2015 0:00,1.6721,317.6619
11/7/2015 0:15,1.6904,315.6462
11/7/2015 0:30,1.7107,313.6761
11/7/2015 0:45,1.733,311.7544
11/7/2015 1:00,1.8366,313.2722
11/7/2015 1:15,1.9413,314.6272
11/7/2015 1:30,2.0469,315.8429
11/7/2015 1:45,2.1534,316.9388
11/7/2015 2:00,2.2053,320.5472
11/7/2015 2:15,2.2656,323.9767
11/7/2015 2:30,2.3335,327.2177
11/7/2015 2:45,2.4084,330.2663
11/7/2015 3:00,2.471,333.3124
11/7/2015 3:15,2.5401,336.2004
11/7/2015 3:30,2.6154,338.9288
11/7/2015 3:45,2.6963,341.499
11/7/2015 4:00,2.713,343.531
11/7/2015 4:15,2.7331,345.5355
11/7/2015 4:30,2.7565,347.5084
11/7/2015 4:45,2.7831,349.4459
11/7/2015 5:00,2.7408,351.0487
11/7/2015 5:15,2.7007,352.7003
11/7/2015 5:30,2.663,354.4003
11/7/2015 5:45,2.6277,356.1475
11/7/2015 6:00,2.5535,357.7425
11/7/2015 6:15,2.4815,359.4315
11/7/2015 6:30,2.4117,1.2198
11/7/2015 6:45,2.3444,3.1127
11/7/2015 7:00,2.2165,4.1077
11/7/2015 7:15,2.0893,5.2241
11/7/2015 7:30,1.963,6.4848
11/7/2015 7:45,1.8377,7.918
11/7/2015 8:00,1.6716,8.1399
11/7/2015 8:15,1.5055,8.4107
11/7/2015 8:30,1.3394,8.7486
11/7/2015 8:45,1.1734,9.1822
11/7/2015 9:00,1.0454,7.7107
11/7/2015 9:15,0.9182,5.83
11/7/2015 9:30,0.7923,3.3482
11/7/2015 9:45,0.6685,359.9384
11/7/2015 10:00,0.6267,0.9195
11/7/2015 10:15,0.585,2.0405
11/7/2015 10:30,0.5437,3.3327
11/7/2015 10:45,0.5026,4.8368
11/7/2015 11:00,0.4786,7.0828
11/7/2015 11:15,0.4554,9.5619
11/7/2015 11:30,0.4331,12.3015
11/7/2015 11:45,0.4119,15.3302
11/7/2015 12:00,0.4046,19.8217
11/7/2015 12:15,0.3999,24.4489
11/7/2015 12:30,0.3978,29.1557
11/7/2015 12:45,0.3984,33.8801
11/7/2015 13:00,0.4368,36.105
11/7/2015 13:15,0.4757,37.968
11/7/2015 13:30,0.5151,39.5476
11/7/2015 13:45,0.5548,40.9022
11/7/2015 14:00,0.62,40.7001
11/7/2015 14:15,0.6851,40.5366
11/7/2015 14:30,0.7503,40.4014
11/7/2015 14:45,0.8154,40.2877
11/7/2015 15:00,0.8782,40.0736
11/7/2015 15:15,0.941,39.888
11/7/2015 15:30,1.0039,39.7256
11/7/2015 15:45,1.0667,39.5824
11/7/2015 16:00,1.1276,38.7537
11/7/2015 16:15,1.1886,38.0101
11/7/2015 16:30,1.2499,37.3393
11/7/2015 16:45,1.3113,36.7312
11/7/2015 17:00,1.3891,35.6487
11/7/2015 17:15,1.4673,34.6814
11/7/2015 17:30,1.546,33.8123
11/7/2015 17:45,1.6249,33.0274
11/7/2015 18:00,1.7151,32.1348
11/7/2015 18:15,1.8057,31.3315
11/7/2015 18:30,1.8966,30.6052
11/7/2015 18:45,1.9878,29.9453
11/7/2015 19:00,2.0925,29.4995
11/7/2015 19:15,2.1973,29.0962
11/7/2015 19:30,2.3022,28.7295
11/7/2015 19:45,2.4072,28.3949
11/7/2015 20:00,2.5131,28.6185
11/7/2015 20:15,2.6191,28.8239
11/7/2015 20:30,2.7251,29.0134
11/7/2015 20:45,2.8312,29.1887
11/7/2015 21:00,2.9389,29.9873
11/7/2015 21:15,3.0472,30.7292
11/7/2015 21:30,3.156,31.4202
11/7/2015 21:45,3.2652,32.0649
11/7/2015 22:00,3.348,33.3513
11/7/2015 22:15,3.4323,34.575
11/7/2015 22:30,3.5182,35.7395
11/7/2015 22:45,3.6054,36.8482
11/7/2015 23:00,3.6368,38.4281
11/7/2015 23:15,3.6709,39.9798
11/7/2015 23:30,3.7076,41.5019
11/7/2015 23:45,3.7469,42.9931
11/8/2015 0:00,3.7691,44.5924
11/8/2015 0:15,3.7941,46.1718
11/8/2015 0:30,3.8219,47.7293
11/8/2015 0:45,3.8526,49.2632
11/8/2015 1:00,3.9575,50.7282
11/8/2015 1:15,4.0648,52.1166
11/8/2015 1:30,4.1745,53.4329
11/8/2015 1:45,4.2862,54.6812
11/8/2015 2:00,4.3368,55.7278
11/8/2015 2:15,4.3888,56.75
11/8/2015 2:30,4.4421,57.7479
11/8/2015 2:45,4.4968,58.7219
11/8/2015 3:00,4.4945,59.9454
11/8/2015 3:15,4.4943,61.1696
11/8/2015 3:30,4.4961,62.3933
11/8/2015 3:45,4.4999,63.6155
11/8/2015 4:00,4.44,64.7362
11/8/2015 4:15,4.3818,65.8871
11/8/2015 4:30,4.3255,67.0684
11/8/2015 4:45,4.271,68.2804
11/8/2015 5:00,4.182,69.1761
11/8/2015 5:15,4.0941,70.1105
11/8/2015 5:30,4.0073,71.0857
11/8/2015 5:45,3.9217,72.1037
11/8/2015 6:00,3.8509,72.5014
11/8/2015 6:15,3.7803,72.9139
11/8/2015 6:30,3.7099,73.3421
11/8/2015 6:45,3.6398,73.7868
11/8/2015 7:00,3.5491,74.1588
11/8/2015 7:15,3.4586,74.5502
11/8/2015 7:30,3.3682,74.9627
11/8/2015 7:45,3.2781,75.3979
11/8/2015 8:00,3.1492,75.6547
11/8/2015 8:15,3.0204,75.9335
11/8/2015 8:30,2.8917,76.2371
11/8/2015 8:45,2.7631,76.569
11/8/2015 9:00,2.5899,77.3917
11/8/2015 9:15,2.4172,78.3322
11/8/2015 9:30,2.2454,79.4169
11/8/2015 9:45,2.0744,80.681
11/8/2015 10:00,1.9665,81.7599
11/8/2015 10:15,1.8593,82.9637
11/8/2015 10:30,1.753,84.3142
11/8/2015 10:45,1.6479,85.8379
11/8/2015 11:00,1.5369,88.0226
11/8/2015 11:15,1.4285,90.543
11/8/2015 11:30,1.3233,93.4706
11/8/2015 11:45,1.2221,96.8929
11/8/2015 12:00,1.1682,99.8525
11/8/2015 12:15,1.1177,103.0888
11/8/2015 12:30,1.0711,106.619
11/8/2015 12:45,1.0289,110.4544
11/8/2015 13:00,1.0008,111.5668
11/8/2015 13:15,0.9732,112.7429
11/8/2015 13:30,0.9459,113.9873
11/8/2015 13:45,0.9192,115.3048
11/8/2015 14:00,0.8961,117.3182
11/8/2015 14:15,0.8742,119.4351
11/8/2015 14:30,0.8536,121.6576
11/8/2015 14:45,0.8343,123.9866
11/8/2015 15:00,0.8327,127.7826
11/8/2015 15:15,0.8348,131.5761
11/8/2015 15:30,0.8406,135.3341
11/8/2015 15:45,0.8499,139.0253
11/8/2015 16:00,0.9142,141.901
11/8/2015 16:15,0.9804,144.3936
11/8/2015 16:30,1.0483,146.5671
11/8/2015 16:45,1.1175,148.4739
11/8/2015 17:00,1.2307,150.0244
11/8/2015 17:15,1.3446,151.3129
11/8/2015 17:30,1.4591,152.3996
11/8/2015 17:45,1.5741,153.3279
11/8/2015 18:00,1.6899,153.2101
11/8/2015 18:15,1.8056,153.1074
11/8/2015 18:30,1.9214,153.017
11/8/2015 18:45,2.0372,152.9369
11/8/2015 19:00,2.1013,152.2036
11/8/2015 19:15,2.1657,151.5139
11/8/2015 19:30,2.2305,150.8641
11/8/2015 19:45,2.2955,150.251
11/8/2015 20:00,2.2868,150.0374
11/8/2015 20:15,2.2782,149.8223
11/8/2015 20:30,2.2695,149.6054
11/8/2015 20:45,2.261,149.387
11/8/2015 21:00,2.2006,150.8558
11/8/2015 21:15,2.1417,152.4065
11/8/2015 21:30,2.0845,154.0435
11/8/2015 21:45,2.0292,155.7713
11/8/2015 22:00,1.9491,159.16
11/8/2015 22:15,1.8764,162.8249
11/8/2015 22:30,1.8121,166.7673
11/8/2015 22:45,1.7569,170.9786
11/8/2015 23:00,1.7257,175.7143
11/8/2015 23:15,1.7068,180.5892
11/8/2015 23:30,1.7004,185.5367
11/8/2015 23:45,1.7068,190.4843
11/9/2015 0:00,1.712,194.2586
11/9/2015 0:15,1.7245,197.994
11/9/2015 0:30,1.7442,201.6603
11/9/2015 0:45,1.7709,205.2303
11/9/2015 1:00,1.8338,208.305
11/9/2015 1:15,1.9016,211.1682
11/9/2015 1:30,1.9738,213.8282
11/9/2015 1:45,2.0499,216.2956
11/9/2015 2:00,2.0955,217.6572
11/9/2015 2:15,2.1421,218.9602
11/9/2015 2:30,2.1899,220.207
11/9/2015 2:45,2.2386,221.4
11/9/2015 3:00,2.3476,222.018
11/9/2015 3:15,2.4568,222.5812
11/9/2015 3:30,2.5663,223.0963
11/9/2015 3:45,2.6759,223.5693
11/9/2015 4:00,2.8413,223.2136
11/9/2015 4:15,3.0068,222.897
11/9/2015 4:30,3.1724,222.6135
11/9/2015 4:45,3.338,222.3581
11/9/2015 5:00,3.475,222.4113
11/9/2015 5:15,3.612,222.4604
11/9/2015 5:30,3.749,222.5059
11/9/2015 5:45,3.886,222.5482
11/9/2015 6:00,3.9835,222.7275
11/9/2015 6:15,4.081,222.8983
11/9/2015 6:30,4.1786,223.0611
11/9/2015 6:45,4.2762,223.2164
11/9/2015 7:00,4.3304,223.3343
11/9/2015 7:15,4.3846,223.4494
11/9/2015 7:30,4.4388,223.5616
11/9/2015 7:45,4.493,223.6711
11/9/2015 8:00,4.519,225.0663
11/9/2015 8:15,4.5475,226.4448
11/9/2015 8:30,4.5787,227.8054
11/9/2015 8:45,4.6124,229.1468
11/9/2015 9:00,4.6122,230.6296
11/9/2015 9:15,4.6151,232.1117
11/9/2015 9:30,4.6211,233.5908
11/9/2015 9:45,4.6301,235.0652
11/9/2015 10:00,4.557,235.9398
11/9/2015 10:15,4.485,236.8427
11/9/2015 10:30,4.4141,237.7749
11/9/2015 10:45,4.3445,238.7372
11/9/2015 11:00,4.1983,239.1073
11/9/2015 11:15,4.0522,239.504
11/9/2015 11:30,3.9064,239.9304
11/9/2015 11:45,3.7608,240.3899
11/9/2015 12:00,3.7185,240.9906
11/9/2015 12:15,3.6767,241.6052
11/9/2015 12:30,3.6352,242.2338
11/9/2015 12:45,3.5942,242.8768
11/9/2015 13:00,3.5871,243.25
11/9/2015 13:15,3.5802,243.6247
11/9/2015 13:30,3.5735,244.0007
11/9/2015 13:45,3.5668,244.3782
11/9/2015 14:00,3.5429,244.2874
11/9/2015 14:15,3.5189,244.1953
11/9/2015 14:30,3.495,244.1019
11/9/2015 14:45,3.471,244.0072
11/9/2015 15:00,3.4712,244.042
11/9/2015 15:15,3.4714,244.0767
11/9/2015 15:30,3.4717,244.1115
11/9/2015 15:45,3.4719,244.1462
11/9/2015 16:00,3.4587,244.6023
11/9/2015 16:15,3.4457,245.0619
11/9/2015 16:30,3.4329,245.5249
11/9/2015 16:45,3.4204,245.9913
11/9/2015 17:00,3.4111,246.4718
11/9/2015 17:15,3.4019,246.9548
11/9/2015 17:30,3.3931,247.4404
11/9/2015 17:45,3.3844,247.9286
11/9/2015 18:00,3.3792,248.2671
11/9/2015 18:15,3.3741,248.6067
11/9/2015 18:30,3.3691,248.9474
11/9/2015 18:45,3.3642,249.289
11/9/2015 19:00,3.3631,249.3398
11/9/2015 19:15,3.3621,249.3907
11/9/2015 19:30,3.3611,249.4415
11/9/2015 19:45,3.36,249.4925
11/9/2015 20:00,3.3493,249.7476
11/9/2015 20:15,3.3387,250.0043
11/9/2015 20:30,3.3281,250.2627
11/9/2015 20:45,3.3176,250.5227
11/9/2015 21:00,3.2859,251.1934
11/9/2015 21:15,3.2547,251.8771
11/9/2015 21:30,3.2239,252.5739
11/9/2015 21:45,3.1935,253.2841
11/9/2015 22:00,3.1678,254.2153
11/9/2015 22:15,3.1429,255.1616
11/9/2015 22:30,3.1188,256.1227
11/9/2015 22:45,3.0957,257.0984
11/9/2015 23:00,3.0741,258.453
11/9/2015 23:15,3.0542,259.826
11/9/2015 23:30,3.0362,261.216
11/9/2015 23:45,3.0199,262.622
11/10/2015 0:00,2.9673,263.7189
11/10/2015 0:15,2.9159,264.8549
11/10/2015 0:30,2.8657,266.0312
11/10/2015 0:45,2.8167,267.249
11/10/2015 1:00,2.849,268.199
11/10/2015 1:15,2.882,269.1274
11/10/2015 1:30,2.9158,270.0345
11/10/2015 1:45,2.9503,270.9206
11/10/2015 2:00,2.9813,270.4373
11/10/2015 2:15,3.0125,269.9641
11/10/2015 2:30,3.0438,269.5005
11/10/2015 2:45,3.0754,269.0464
11/10/2015 3:00,3.1056,268.3238
11/10/2015 3:15,3.1362,267.6152
11/10/2015 3:30,3.1674,266.9204
11/10/2015 3:45,3.199,266.2392
11/10/2015 4:00,3.2531,266.0016
11/10/2015 4:15,3.3073,265.7717
11/10/2015 4:30,3.3615,265.5492
11/10/2015 4:45,3.4158,265.3338
11/10/2015 5:00,3.5012,265.5206
11/10/2015 5:15,3.5866,265.6985
11/10/2015 5:30,3.672,265.8681
11/10/2015 5:45,3.7575,266.03
11/10/2015 6:00,3.848,266.8817
11/10/2015 6:15,3.9392,267.6942
11/10/2015 6:30,4.0312,268.4697
11/10/2015 6:45,4.124,269.2105
11/10/2015 7:00,4.2124,270.1577
11/10/2015 7:15,4.3019,271.0658
11/10/2015 7:30,4.3924,271.9366
11/10/2015 7:45,4.4839,272.7721
11/10/2015 8:00,4.539,273.9476
11/10/2015 8:15,4.596,275.0945
11/10/2015 8:30,4.6547,276.2129
11/10/2015 8:45,4.7152,277.303
11/10/2015 9:00,4.7092,278.4192
11/10/2015 9:15,4.7049,279.5377
11/10/2015 9:30,4.7025,280.6579
11/10/2015 9:45,4.7018,281.7788
11/10/2015 10:00,4.5804,282.6421
11/10/2015 10:15,4.4602,283.5521
11/10/2015 10:30,4.3411,284.5123
11/10/2015 10:45,4.2233,285.5264
11/10/2015 11:00,4.0406,286.4323
11/10/2015 11:15,3.859,287.4237
11/10/2015 11:30,3.6786,288.5127
11/10/2015 11:45,3.4998,289.7135
11/10/2015 12:00,3.4515,290.8501
11/10/2015 12:15,3.4046,292.0185
11/10/2015 12:30,3.3592,293.219
11/10/2015 12:45,3.3153,294.4518
11/10/2015 13:00,3.2692,295.6043
11/10/2015 13:15,3.2244,296.7893
11/10/2015 13:30,3.1811,298.0071
11/10/2015 13:45,3.1393,299.258
11/10/2015 14:00,3.1006,299.3753
11/10/2015 14:15,3.0619,299.4956
11/10/2015 14:30,3.0232,299.619
11/10/2015 14:45,2.9845,299.7456
11/10/2015 15:00,2.9662,298.8581
11/10/2015 15:15,2.9485,297.9597
11/10/2015 15:30,2.9317,297.0508
11/10/2015 15:45,2.9155,296.1316
11/10/2015 16:00,2.9273,295.3207
11/10/2015 16:15,2.9397,294.5165
11/10/2015 16:30,2.9526,293.7192
11/10/2015 16:45,2.9661,292.929
11/10/2015 17:00,3.0009,292.5083
11/10/2015 17:15,3.0359,292.0972
11/10/2015 17:30,3.071,291.6955
11/10/2015 17:45,3.1062,291.3029
11/10/2015 18:00,3.1431,291.2828
11/10/2015 18:15,3.18,291.2631
11/10/2015 18:30,3.2169,291.2438
11/10/2015 18:45,3.2539,291.225
11/10/2015 19:00,3.2607,291.3084
11/10/2015 19:15,3.2675,291.3914
11/10/2015 19:30,3.2744,291.4741
11/10/2015 19:45,3.2812,291.5565
11/10/2015 20:00,3.2501,291.2441
11/10/2015 20:15,3.2191,290.9256
11/10/2015 20:30,3.1882,290.601
11/10/2015 20:45,3.1573,290.27
11/10/2015 21:00,3.1104,289.8496
11/10/2015 21:15,3.0637,289.4163
11/10/2015 21:30,3.0171,288.9696
11/10/2015 21:45,2.9707,288.5089
11/10/2015 22:00,2.9166,288.1662
11/10/2015 22:15,2.8626,287.8106
11/10/2015 22:30,2.8087,287.4412
11/10/2015 22:45,2.755,287.0575
11/10/2015 23:00,2.7017,286.5856
11/10/2015 23:15,2.6486,286.0947
11/10/2015 23:30,2.5958,285.5838
11/10/2015 23:45,2.5431,285.0517
11/11/2015 0:00,2.4755,284.5402
11/11/2015 0:15,2.4082,284.0001
11/11/2015 0:30,2.341,283.4289
11/11/2015 0:45,2.2741,282.8241
11/11/2015 1:00,2.3011,281.8088
11/11/2015 1:15,2.3289,280.8175
11/11/2015 1:30,2.3573,279.8498
11/11/2015 1:45,2.3864,278.9054
11/11/2015 2:00,2.4309,277.8347
11/11/2015 2:15,2.4763,276.8028
11/11/2015 2:30,2.5224,275.8084
11/11/2015 2:45,2.5692,274.85
11/11/2015 3:00,2.5509,274.2112
11/11/2015 3:15,2.5329,273.5633
11/11/2015 3:30,2.5152,272.9062
11/11/2015 3:45,2.4978,272.2399
11/11/2015 4:00,2.4264,270.681
11/11/2015 4:15,2.3569,269.0288
11/11/2015 4:30,2.2894,267.2778
11/11/2015 4:45,2.2242,265.4223
11/11/2015 5:00,2.1346,261.0804
11/11/2015 5:15,2.0583,256.3877
11/11/2015 5:30,1.9968,251.3704
11/11/2015 5:45,1.9515,246.0778
11/11/2015 6:00,1.975,238.2672
11/11/2015 6:15,2.0339,230.7749
11/11/2015 6:30,2.1254,223.8156
11/11/2015 6:45,2.2454,217.5145
11/11/2015 7:00,2.4183,213.5227
11/11/2015 7:15,2.6014,210.0778
11/11/2015 7:30,2.7926,207.095
11/11/2015 7:45,2.9904,204.5005
11/11/2015 8:00,3.1183,203.8138
11/11/2015 8:15,3.2467,203.1813
11/11/2015 8:30,3.3755,202.597
11/11/2015 8:45,3.5045,202.0557
11/11/2015 9:00,3.5211,200.4573
11/11/2015 9:15,3.5405,198.8752
11/11/2015 9:30,3.5625,197.3115
11/11/2015 9:45,3.5871,195.768
11/11/2015 10:00,3.5884,193.8477
11/11/2015 10:15,3.5937,191.931
11/11/2015 10:30,3.603,190.022
11/11/2015 10:45,3.6163,188.1249
11/11/2015 11:00,3.543,186.3721
11/11/2015 11:15,3.4732,184.5472
11/11/2015 11:30,3.4071,182.6494
11/11/2015 11:45,3.3448,180.6787
11/11/2015 12:00,3.343,179.3517
11/11/2015 12:15,3.343,178.0241
11/11/2015 12:30,3.3448,176.6971
11/11/2015 12:45,3.3484,175.3723
11/11/2015 13:00,3.397,174.7759
11/11/2015 13:15,3.446,174.1963
11/11/2015 13:30,3.4953,173.6331
11/11/2015 13:45,3.5449,173.0856
11/11/2015 14:00,3.5544,173.0991
11/11/2015 14:15,3.5638,173.1126
11/11/2015 14:30,3.5733,173.126
11/11/2015 14:45,3.5827,173.1394
11/11/2015 15:00,3.5595,173.4182
11/11/2015 15:15,3.5364,173.7006
11/11/2015 15:30,3.5134,173.9868
11/11/2015 15:45,3.4905,174.2767
11/11/2015 16:00,3.4349,174.6112
11/11/2015 16:15,3.3795,174.9566
11/11/2015 16:30,3.3242,175.3135
11/11/2015 16:45,3.269,175.6825
11/11/2015 17:00,3.2113,175.6362
11/11/2015 17:15,3.1537,175.5883
11/11/2015 17:30,3.096,175.5385
11/11/2015 17:45,3.0384,175.4869
11/11/2015 18:00,2.9923,175.4355
11/11/2015 18:15,2.9462,175.3824
11/11/2015 18:30,2.9002,175.3276
11/11/2015 18:45,2.8541,175.2711
11/11/2015 19:00,2.8093,175.2718
11/11/2015 19:15,2.7645,175.2725
11/11/2015 19:30,2.7198,175.2732
11/11/2015 19:45,2.675,175.2739
11/11/2015 20:00,2.6191,174.4591
11/11/2015 20:15,2.5638,173.6088
11/11/2015 20:30,2.509,172.7213
11/11/2015 20:45,2.4549,171.7944
11/11/2015 21:00,2.4067,170.9657
11/11/2015 21:15,2.3591,170.1034
11/11/2015 21:30,2.312,169.2057
11/11/2015 21:45,2.2654,168.2709
11/11/2015 22:00,2.2269,168.5971
11/11/2015 22:15,2.1885,168.9347
11/11/2015 22:30,2.1502,169.2844
11/11/2015 22:45,2.1119,169.6467
11/11/2015 23:00,2.0606,169.8297
11/11/2015 23:15,2.0092,170.022
11/11/2015 23:30,1.9579,170.2245
11/11/2015 23:45,1.9066,170.4378
11/12/2015 0:00,1.8714,170.453
11/12/2015 0:15,1.8361,170.4688
11/12/2015 0:30,1.8009,170.4852
11/12/2015 0:45,1.7657,170.5022
11/12/2015 1:00,1.7694,169.3032
11/12/2015 1:15,1.7738,168.1098
11/12/2015 1:30,1.779,166.9228
11/12/2015 1:45,1.785,165.7433
11/12/2015 2:00,1.8593,166.3841
11/12/2015 2:15,1.9339,166.9756
11/12/2015 2:30,2.0086,167.5231
11/12/2015 2:45,2.0835,168.0314
11/12/2015 3:00,2.1278,171.6451
11/12/2015 3:15,2.1802,175.0984
11/12/2015 3:30,2.2401,178.3784
11/12/2015 3:45,2.307,181.478
11/12/2015 4:00,2.3463,185.4692
11/12/2015 4:15,2.3965,189.311
11/12/2015 4:30,2.4571,192.9793
11/12/2015 4:45,2.5272,196.4577
11/12/2015 5:00,2.5863,200.3221
11/12/2015 5:15,2.6565,203.998
11/12/2015 5:30,2.7371,207.4711
11/12/2015 5:45,2.8272,210.7343
11/12/2015 6:00,2.8917,213.943
11/12/2015 6:15,2.9648,217.0027
11/12/2015 6:30,3.0459,219.9073
11/12/2015 6:45,3.1345,222.6545
11/12/2015 7:00,3.1923,225.2348
11/12/2015 7:15,3.2564,227.7184
11/12/2015 7:30,3.3264,230.1019
11/12/2015 7:45,3.4018,232.3834
11/12/2015 8:00,3.4252,234.0339
11/12/2015 8:15,3.4514,235.6608
11/12/2015 8:30,3.4803,237.2619
11/12/2015 8:45,3.5119,238.8353
11/12/2015 9:00,3.5137,239.6247
11/12/2015 9:15,3.5161,240.4131
11/12/2015 9:30,3.5191,241.2003
11/12/2015 9:45,3.5229,241.986
11/12/2015 10:00,3.4392,242.7727
11/12/2015 10:15,3.3562,243.5984
11/12/2015 10:30,3.274,244.4658
11/12/2015 10:45,3.1925,245.3776
11/12/2015 11:00,3.1232,245.9156
11/12/2015 11:15,3.0541,246.4779
11/12/2015 11:30,2.9854,247.0661
11/12/2015 11:45,2.917,247.682
11/12/2015 12:00,2.8647,247.9161
11/12/2015 12:15,2.8125,248.1589
11/12/2015 12:30,2.7603,248.4108
11/12/2015 12:45,2.7082,248.6725
11/12/2015 13:00,2.683,248.8521
11/12/2015 13:15,2.6578,249.0351
11/12/2015 13:30,2.6327,249.2216
11/12/2015 13:45,2.6076,249.4117
11/12/2015 14:00,2.5819,249.9185
11/12/2015 14:15,2.5565,250.4353
11/12/2015 14:30,2.5312,250.9626
11/12/2015 14:45,2.5062,251.5004
11/12/2015 15:00,2.4905,252.7671
11/12/2015 15:15,2.4761,254.0493
11/12/2015 15:30,2.4629,255.3458
11/12/2015 15:45,2.451,256.6556
11/12/2015 16:00,2.4645,258.5195
11/12/2015 16:15,2.4806,260.3612
11/12/2015 16:30,2.4991,262.1773
11/12/2015 16:45,2.5202,263.9649
11/12/2015 17:00,2.5652,266.0508
11/12/2015 17:15,2.6135,268.0622
11/12/2015 17:30,2.665,269.9983
11/12/2015 17:45,2.7193,271.859
11/12/2015 18:00,2.7821,273.751
11/12/2015 18:15,2.8478,275.5576
11/12/2015 18:30,2.9162,277.2811
11/12/2015 18:45,2.9871,278.9242
11/12/2015 19:00,3.0363,280.4919
11/12/2015 19:15,3.0876,282.0086
11/12/2015 19:30,3.141,283.4747
11/12/2015 19:45,3.1964,284.8909
11/12/2015 20:00,3.1891,286.3969
11/12/2015 20:15,3.1839,287.9089
11/12/2015 20:30,3.181,289.4246
11/12/2015 20:45,3.1803,290.9421
11/12/2015 21:00,3.1407,292.72
11/12/2015 21:15,3.1043,294.5415
11/12/2015 21:30,3.071,296.4044
11/12/2015 21:45,3.041,298.3061
11/12/2015 22:00,2.9942,300.4235
11/12/2015 22:15,2.9516,302.6052
11/12/2015 22:30,2.9134,304.8474
11/12/2015 22:45,2.8798,307.1455
11/12/2015 23:00,2.8373,309.4332
11/12/2015 23:15,2.7993,311.7868
11/12/2015 23:30,2.7663,314.2008
11/12/2015 23:45,2.7382,316.6687
11/13/2015 0:00,2.6968,319.0992
11/13/2015 0:15,2.6604,321.6009
11/13/2015 0:30,2.6292,324.167
11/13/2015 0:45,2.6034,326.7893
11/13/2015 1:00,2.6512,328.9244
11/13/2015 1:15,2.7026,330.9809
11/13/2015 1:30,2.7574,332.9583
11/13/2015 1:45,2.8153,334.8564
11/13/2015 2:00,2.8157,336.3685
11/13/2015 2:15,2.818,337.8792
11/13/2015 2:30,2.8222,339.3864
11/13/2015 2:45,2.8284,340.8879
11/13/2015 3:00,2.8261,341.8028
11/13/2015 3:15,2.8245,342.7189
11/13/2015 3:30,2.8236,343.6359
11/13/2015 3:45,2.8234,344.5532
11/13/2015 4:00,2.776,345.3759
11/13/2015 4:15,2.7292,346.2271
11/13/2015 4:30,2.683,347.1078
11/13/2015 4:45,2.6375,348.0192
11/13/2015 5:00,2.5297,348.488
11/13/2015 5:15,2.4221,348.9985
11/13/2015 5:30,2.3147,349.5564
11/13/2015 5:45,2.2075,350.1685
11/13/2015 6:00,2.0905,348.6109
11/13/2015 6:15,1.9753,346.8702
11/13/2015 6:30,1.8621,344.9158
11/13/2015 6:45,1.7514,342.7114
11/13/2015 7:00,1.7303,337.4774
11/13/2015 7:15,1.724,332.16
11/13/2015 7:30,1.7325,326.8492
11/13/2015 7:45,1.7557,321.6348
11/13/2015 8:00,1.8083,315.6455
11/13/2015 8:15,1.8794,310.052
11/13/2015 8:30,1.9671,304.9112
11/13/2015 8:45,2.0692,300.243
11/13/2015 9:00,2.0652,297.9266
11/13/2015 9:15,2.0645,295.6051
11/13/2015 9:30,2.0673,293.2858
11/13/2015 9:45,2.0734,290.9766
11/13/2015 10:00,2.0918,289.55
11/13/2015 10:15,2.1115,288.1493
11/13/2015 10:30,2.1325,286.7752
11/13/2015 10:45,2.1546,285.4285
11/13/2015 11:00,2.1204,284.6251
11/13/2015 11:15,2.0867,283.7956
11/13/2015 11:30,2.0534,282.9389
11/13/2015 11:45,2.0205,282.0542
11/13/2015 12:00,2.0632,281.6906
11/13/2015 12:15,2.1059,281.3417
11/13/2015 12:30,2.1487,281.0067
11/13/2015 12:45,2.1915,280.6848
11/13/2015 13:00,2.2467,281.4853
11/13/2015 13:15,2.3023,282.2473
11/13/2015 13:30,2.3583,282.9732
11/13/2015 13:45,2.4146,283.6654
11/13/2015 14:00,2.453,284.0098
11/13/2015 14:15,2.4915,284.3435
11/13/2015 14:30,2.5301,284.6671
11/13/2015 14:45,2.5688,284.981
11/13/2015 15:00,2.5989,284.7599
11/13/2015 15:15,2.6291,284.5438
11/13/2015 15:30,2.6594,284.3327
11/13/2015 15:45,2.6897,284.1263
11/13/2015 16:00,2.7199,284.3327
11/13/2015 16:15,2.7502,284.5346
11/13/2015 16:30,2.7806,284.7321
11/13/2015 16:45,2.8109,284.9253
11/13/2015 17:00,2.8457,285.5234
11/13/2015 17:15,2.8807,286.107
11/13/2015 17:30,2.9161,286.6765
11/13/2015 17:45,2.9517,287.2323
11/13/2015 18:00,3.0201,287.6218
11/13/2015 18:15,3.0886,287.994
11/13/2015 18:30,3.1572,288.35
11/13/2015 18:45,3.2259,288.6909
11/13/2015 19:00,3.2243,289.231
11/13/2015 19:15,3.223,289.7715
11/13/2015 19:30,3.222,290.3124
11/13/2015 19:45,3.2213,290.8536
11/13/2015 20:00,3.1153,291.4727
11/13/2015 20:15,3.0098,292.1352
11/13/2015 20:30,2.9048,292.8458
11/13/2015 20:45,2.8001,293.6097
11/13/2015 21:00,2.6489,294.5567
11/13/2015 21:15,2.4984,295.618
11/13/2015 21:30,2.349,296.8149
11/13/2015 21:45,2.2007,298.1737
11/13/2015 22:00,2.0605,299.5264
11/13/2015 22:15,1.9216,301.0755
11/13/2015 22:30,1.7844,302.8645
11/13/2015 22:45,1.6491,304.9491
11/13/2015 23:00,1.4986,307.5781
11/13/2015 23:15,1.3518,310.7858
11/13/2015 23:30,1.2104,314.7583
11/13/2015 23:45,1.0763,319.7503
11/14/2015 0:00,0.9356,325.5926
11/14/2015 0:15,0.8079,333.3858
11/14/2015 0:30,0.7005,343.8191
11/14/2015 0:45,0.6239,357.3822
11/14/2015 1:00,0.6009,15.6374
11/14/2015 1:15,0.6399,33.4191
11/14/2015 1:30,0.7311,47.9571
11/14/2015 1:45,0.8579,58.7497
11/14/2015 2:00,0.9819,63.9208
11/14/2015 2:15,1.1122,67.9074
11/14/2015 2:30,1.2466,71.0466
11/14/2015 2:45,1.3841,73.5684
11/14/2015 3:00,1.4591,73.5002
11/14/2015 3:15,1.534,73.4385
11/14/2015 3:30,1.6089,73.3827
11/14/2015 3:45,1.6839,73.3317
11/14/2015 4:00,1.684,73.2333
11/14/2015 4:15,1.6842,73.1349
11/14/2015 4:30,1.6844,73.0366
11/14/2015 4:45,1.6845,72.9382
11/14/2015 5:00,1.6694,72.6622
11/14/2015 5:15,1.6544,72.3812
11/14/2015 5:30,1.6394,72.095
11/14/2015 5:45,1.6244,71.8036
11/14/2015 6:00,1.5975,71.0392
11/14/2015 6:15,1.5709,70.2488
11/14/2015 6:30,1.5446,69.4313
11/14/2015 6:45,1.5186,68.5857
11/14/2015 7:00,1.5038,67.3497
11/14/2015 7:15,1.4897,66.0897
11/14/2015 7:30,1.4763,64.8061
11/14/2015 7:45,1.4637,63.4999
11/14/2015 8:00,1.435,63.6211
11/14/2015 8:15,1.4063,63.7472
11/14/2015 8:30,1.3777,63.8786
11/14/2015 8:45,1.349,64.0156
11/14/2015 9:00,1.3222,65.9145
11/14/2015 9:15,1.297,67.8896
11/14/2015 9:30,1.2733,69.9407
11/14/2015 9:45,1.2513,72.0666
11/14/2015 10:00,1.2408,73.5623
11/14/2015 10:15,1.2311,75.0825
11/14/2015 10:30,1.2223,76.6257
11/14/2015 10:45,1.2143,78.1902
11/14/2015 11:00,1.2035,79.4635
11/14/2015 11:15,1.1933,80.7593
11/14/2015 11:30,1.1836,82.0769
11/14/2015 11:45,1.1746,83.4154
11/14/2015 12:00,1.1948,83.5754
11/14/2015 12:15,1.2149,83.7302
11/14/2015 12:30,1.235,83.8799
11/14/2015 12:45,1.2552,84.0248
11/14/2015 13:00,1.2745,84.0755
11/14/2015 13:15,1.2938,84.1247
11/14/2015 13:30,1.3131,84.1724
11/14/2015 13:45,1.3324,84.2188
11/14/2015 14:00,1.3162,83.5049
11/14/2015 14:15,1.3002,82.7734
11/14/2015 14:30,1.2844,82.0237
11/14/2015 14:45,1.2689,81.2556
11/14/2015 15:00,1.2102,79.2001
11/14/2015 15:15,1.1533,76.9386
11/14/2015 15:30,1.0984,74.4467
11/14/2015 15:45,1.0457,71.6982
11/14/2015 16:00,0.96,66.783
11/14/2015 16:15,0.8826,60.9566
11/14/2015 16:30,0.8161,54.0981
11/14/2015 16:45,0.7631,46.1594
11/14/2015 17:00,0.7158,36.0227
11/14/2015 17:15,0.6935,24.8564
11/14/2015 17:30,0.6987,13.4132
11/14/2015 17:45,0.7307,2.5597
11/14/2015 18:00,0.7666,353.0282
11/14/2015 18:15,0.8214,344.5574
11/14/2015 18:30,0.8918,337.2835
11/14/2015 18:45,0.9744,331.1564
11/14/2015 19:00,1.057,326.6911
11/14/2015 19:15,1.145,322.8921
11/14/2015 19:30,1.2373,319.6474
11/14/2015 19:45,1.3331,316.8609
11/14/2015 20:00,1.3871,314.7371
11/14/2015 20:15,1.443,312.7752
11/14/2015 20:30,1.5003,310.9613
11/14/2015 20:45,1.5591,309.2826
11/14/2015 21:00,1.5885,307.932
11/14/2015 21:15,1.6187,306.6312
11/14/2015 21:30,1.6497,305.3787
11/14/2015 21:45,1.6814,304.1729
11/14/2015 22:00,1.6873,302.6164
11/14/2015 22:15,1.6944,301.0717
11/14/2015 22:30,1.7027,299.5411
11/14/2015 22:45,1.7122,298.0264
11/14/2015 23:00,1.6877,294.507
11/14/2015 23:15,1.6697,290.8978
11/14/2015 23:30,1.6585,287.225
11/14/2015 23:45,1.6542,283.5175
11/15/2015 0:00,1.6165,278.6431
11/15/2015 0:15,1.591,273.5746
11/15/2015 0:30,1.5783,268.3831
11/15/2015 0:45,1.5787,263.151
11/15/2015 1:00,1.6117,259.0906
11/15/2015 1:15,1.6525,255.2119
11/15/2015 1:30,1.7005,251.536
11/15/2015 1:45,1.7551,248.0751
11/15/2015 2:00,1.7459,251.1446
11/15/2015 2:15,1.7417,254.2378
11/15/2015 2:30,1.7427,257.3366
11/15/2015 2:45,1.7487,260.423
11/15/2015 3:00,1.798,265.6445
11/15/2015 3:15,1.8614,270.549
11/15/2015 3:30,1.9375,275.0996
11/15/2015 3:45,2.0249,279.2822
11/15/2015 4:00,2.1651,282.3178
11/15/2015 4:15,2.3106,284.9779
11/15/2015 4:30,2.4605,287.3185
11/15/2015 4:45,2.614,289.3872
11/15/2015 5:00,2.7872,290.3238
11/15/2015 5:15,2.9612,291.1505
11/15/2015 5:30,3.1357,291.8853
11/15/2015 5:45,3.3106,292.5426
11/15/2015 6:00,3.4559,292.3994
11/15/2015 6:15,3.6011,292.2677
11/15/2015 6:30,3.7464,292.1462
11/15/2015 6:45,3.8917,292.0338
11/15/2015 7:00,4.0103,291.8737
11/15/2015 7:15,4.129,291.7229
11/15/2015 7:30,4.2476,291.5805
11/15/2015 7:45,4.3663,291.4459
11/15/2015 8:00,4.4661,291.7999
11/15/2015 8:15,4.5659,292.1384
11/15/2015 8:30,4.666,292.4624
11/15/2015 8:45,4.7662,292.7727
11/15/2015 9:00,4.8114,293.5209
11/15/2015 9:15,4.8574,294.2551
11/15/2015 9:30,4.9043,294.9753
11/15/2015 9:45,4.9518,295.6818
11/15/2015 10:00,4.8855,296.4253
11/15/2015 10:15,4.82,297.189
11/15/2015 10:30,4.7554,297.9737
11/15/2015 10:45,4.6917,298.7798
11/15/2015 11:00,4.5444,299.5274
11/15/2015 11:15,4.3979,300.3249
11/15/2015 11:30,4.2523,301.1771
11/15/2015 11:45,4.1077,302.0896
11/15/2015 12:00,4.0613,302.3475
11/15/2015 12:15,4.0149,302.6115
11/15/2015 12:30,3.9685,302.8816
11/15/2015 12:45,3.9223,303.1581
11/15/2015 13:00,3.9295,303.0902
11/15/2015 13:15,3.9368,303.0225
11/15/2015 13:30,3.944,302.9551
11/15/2015 13:45,3.9512,302.8879
11/15/2015 14:00,3.9498,302.8672
11/15/2015 14:15,3.9483,302.8464
11/15/2015 14:30,3.9469,302.8256
11/15/2015 14:45,3.9455,302.8048
11/15/2015 15:00,3.8998,303.0303
11/15/2015 15:15,3.8541,303.2612
11/15/2015 15:30,3.8086,303.4975
11/15/2015 15:45,3.7631,303.7396
11/15/2015 16:00,3.6915,303.7972
11/15/2015 16:15,3.62,303.857
11/15/2015 16:30,3.5484,303.9193
11/15/2015 16:45,3.4768,303.9841
11/15/2015 17:00,3.4444,303.4634
11/15/2015 17:15,3.4123,302.9328
11/15/2015 17:30,3.3804,302.3922
11/15/2015 17:45,3.3489,301.8414
11/15/2015 18:00,3.3543,300.3459
11/15/2015 18:15,3.362,298.8563
11/15/2015 18:30,3.372,297.3745
11/15/2015 18:45,3.3842,295.9025
11/15/2015 19:00,3.4126,294.3003
11/15/2015 19:15,3.4437,292.7257
11/15/2015 19:30,3.4773,291.1805
11/15/2015 19:45,3.5134,289.6659
11/15/2015 20:00,3.4984,288.6091
11/15/2015 20:15,3.4846,287.5436
11/15/2015 20:30,3.472,286.47
11/15/2015 20:45,3.4607,285.389
11/15/2015 21:00,3.4331,284.6147
11/15/2015 21:15,3.4062,283.8281
11/15/2015 21:30,3.3799,283.0292
11/15/2015 21:45,3.3543,282.2178
11/15/2015 22:00,3.3296,281.7755
11/15/2015 22:15,3.3051,281.3266
11/15/2015 22:30,3.2808,280.8711
11/15/2015 22:45,3.2566,280.4087
11/15/2015 23:00,3.2296,280.2804
11/15/2015 23:15,3.2027,280.15
11/15/2015 23:30,3.1757,280.0174
11/15/2015 23:45,3.1488,279.8825
11/16/2015 0:00,3.0972,279.8836
11/16/2015 0:15,3.0456,279.8846
11/16/2015 0:30,2.9941,279.8858
11/16/2015 0:45,2.9425,279.8869
11/16/2015 1:00,3.0087,279.9131
11/16/2015 1:15,3.0749,279.9382
11/16/2015 1:30,3.141,279.9622
11/16/2015 1:45,3.2072,279.9853
11/16/2015 2:00,3.2481,280.4412
11/16/2015 2:15,3.2891,280.8858
11/16/2015 2:30,3.3303,281.3194
11/16/2015 2:45,3.3718,281.7423
11/16/2015 3:00,3.3887,281.6995
11/16/2015 3:15,3.4057,281.657
11/16/2015 3:30,3.4226,281.6149
11/16/2015 3:45,3.4396,281.5733
11/16/2015 4:00,3.479,280.0619
11/16/2015 4:15,3.5208,278.5855
11/16/2015 4:30,3.5649,277.1446
11/16/2015 4:45,3.6112,275.7398
11/16/2015 5:00,3.7215,273.4224
11/16/2015 5:15,3.8375,271.2417
11/16/2015 5:30,3.9587,269.1918
11/16/2015 5:45,4.0847,267.2659
11/16/2015 6:00,4.1592,266.651
11/16/2015 6:15,4.2341,266.0577
11/16/2015 6:30,4.3095,265.4852
11/16/2015 6:45,4.3852,264.9323
11/16/2015 7:00,4.438,264.9241
11/16/2015 7:15,4.4907,264.916
11/16/2015 7:30,4.5435,264.9082
11/16/2015 7:45,4.5962,264.9005
11/16/2015 8:00,4.676,264.9552
11/16/2015 8:15,4.7557,265.0082
11/16/2015 8:30,4.8355,265.0593
11/16/2015 8:45,4.9153,265.1089
11/16/2015 9:00,4.9391,265.4435
11/16/2015 9:15,4.963,265.7748
11/16/2015 9:30,4.9871,266.103
11/16/2015 9:45,5.0114,266.4281
11/16/2015 10:00,4.9592,266.6795
11/16/2015 10:15,4.9072,266.9362
11/16/2015 10:30,4.8552,267.1985
11/16/2015 10:45,4.8033,267.4664
11/16/2015 11:00,4.6216,267.9499
11/16/2015 11:15,4.4402,268.473
11/16/2015 11:30,4.2591,269.0406
11/16/2015 11:45,4.0786,269.6586
11/16/2015 12:00,3.9855,270.3002
11/16/2015 12:15,3.8929,270.9724
11/16/2015 12:30,3.8009,271.6772
11/16/2015 12:45,3.7095,272.4169
11/16/2015 13:00,3.66,272.8918
11/16/2015 13:15,3.6106,273.3797
11/16/2015 13:30,3.5616,273.8811
11/16/2015 13:45,3.5128,274.3965
11/16/2015 14:00,3.4649,274.52
11/16/2015 14:15,3.4171,274.6469
11/16/2015 14:30,3.3692,274.7774
11/16/2015 14:45,3.3214,274.9117
11/16/2015 15:00,3.2876,274.8422
11/16/2015 15:15,3.2537,274.7713
11/16/2015 15:30,3.2199,274.6989
11/16/2015 15:45,3.1861,274.6249
11/16/2015 16:00,3.1673,274.5558
11/16/2015 16:15,3.1485,274.4858
11/16/2015 16:30,3.1298,274.415
11/16/2015 16:45,3.111,274.3434
11/16/2015 17:00,3.0989,274.2176
11/16/2015 17:15,3.0868,274.0908
11/16/2015 17:30,3.0747,273.963
11/16/2015 17:45,3.0627,273.8341
11/16/2015 18:00,3.0667,273.7007
11/16/2015 18:15,3.0708,273.5677
11/16/2015 18:30,3.0748,273.435
11/16/2015 18:45,3.0789,273.3026
11/16/2015 19:00,3.0928,273.2335
11/16/2015 19:15,3.1066,273.1651
11/16/2015 19:30,3.1205,273.0972
11/16/2015 19:45,3.1344,273.0299
11/16/2015 20:00,3.136,273.5578
11/16/2015 20:15,3.138,274.0851
11/16/2015 20:30,3.1402,274.6117
11/16/2015 20:45,3.1427,275.1375
11/16/2015 21:00,3.1353,275.8811
11/16/2015 21:15,3.1285,276.6279
11/16/2015 21:30,3.1222,277.378
11/16/2015 21:45,3.1164,278.1309
11/16/2015 22:00,3.1113,278.6345
11/16/2015 22:15,3.1064,279.1396
11/16/2015 22:30,3.1018,279.6463
11/16/2015 22:45,3.0974,280.1545
11/16/2015 23:00,3.0885,280.537
11/16/2015 23:15,3.0797,280.9218
11/16/2015 23:30,3.0711,281.3087
11/16/2015 23:45,3.0626,281.6978
11/17/2015 0:00,3.0557,281.9199
11/17/2015 0:15,3.0489,282.1429
11/17/2015 0:30,3.0421,282.367
11/17/2015 0:45,3.0353,282.592
11/17/2015 1:00,3.1565,282.7456
11/17/2015 1:15,3.2778,282.8878
11/17/2015 1:30,3.399,283.0199
11/17/2015 1:45,3.5203,283.1429
11/17/2015 2:00,3.589,282.8061
11/17/2015 2:15,3.6579,282.4819
11/17/2015 2:30,3.7268,282.1697
11/17/2015 2:45,3.7959,281.8689
11/17/2015 3:00,3.838,281.4094
11/17/2015 3:15,3.8804,280.9599
11/17/2015 3:30,3.923,280.5202
11/17/2015 3:45,3.9658,280.0899
11/17/2015 4:00,3.9984,279.3057
11/17/2015 4:15,4.0318,278.5343
11/17/2015 4:30,4.0658,277.7757
11/17/2015 4:45,4.1006,277.0299
11/17/2015 5:00,4.1267,276.0902
11/17/2015 5:15,4.1539,275.1625
11/17/2015 5:30,4.1822,274.2471
11/17/2015 5:45,4.2115,273.3443
11/17/2015 6:00,4.2462,272.3722
11/17/2015 6:15,4.282,271.4161
11/17/2015 6:30,4.3191,270.4761
11/17/2015 6:45,4.3572,269.5524
11/17/2015 7:00,4.4002,268.6883
11/17/2015 7:15,4.4441,267.8412
11/17/2015 7:30,4.4891,267.0108
11/17/2015 7:45,4.5349,266.197
11/17/2015 8:00,4.5687,265.5522
11/17/2015 8:15,4.6031,264.9169
11/17/2015 8:30,4.6381,264.2911
11/17/2015 8:45,4.6736,263.6748
11/17/2015 9:00,4.6402,263.1716
11/17/2015 9:15,4.6071,262.6613
11/17/2015 9:30,4.5745,262.1436
11/17/2015 9:45,4.5422,261.6185
11/17/2015 10:00,4.4153,261.1655
11/17/2015 10:15,4.2887,260.6858
11/17/2015 10:30,4.1623,260.177
11/17/2015 10:45,4.0364,259.6363
11/17/2015 11:00,3.836,259.5182
11/17/2015 11:15,3.6357,259.3872
11/17/2015 11:30,3.4353,259.2408
11/17/2015 11:45,3.235,259.0763
11/17/2015 12:00,3.1616,259.1503
11/17/2015 12:15,3.0881,259.2279
11/17/2015 12:30,3.0147,259.3092
11/17/2015 12:45,2.9412,259.3946
11/17/2015 13:00,2.9175,259.2016
11/17/2015 13:15,2.8938,259.0054
11/17/2015 13:30,2.8702,258.806
11/17/2015 13:45,2.8466,258.6033
11/17/2015 14:00,2.8539,258.0302
11/17/2015 14:15,2.8615,257.4602
11/17/2015 14:30,2.8694,256.8932
11/17/2015 14:45,2.8776,256.3294
11/17/2015 15:00,2.9113,255.8685
11/17/2015 15:15,2.9451,255.4181
11/17/2015 15:30,2.9791,254.9781
11/17/2015 15:45,3.0133,254.5479
11/17/2015 16:00,3.043,254.4715
11/17/2015 16:15,3.0728,254.3966
11/17/2015 16:30,3.1026,254.3232
11/17/2015 16:45,3.1323,254.2511
11/17/2015 17:00,3.1608,254.1787
11/17/2015 17:15,3.1893,254.1077
11/17/2015 17:30,3.2178,254.0379
11/17/2015 17:45,3.2463,253.9693
11/17/2015 18:00,3.2684,253.8464
11/17/2015 18:15,3.2905,253.725
11/17/2015 18:30,3.3127,253.6053
11/17/2015 18:45,3.3348,253.4872
11/17/2015 19:00,3.3521,253.4751
11/17/2015 19:15,3.3693,253.4631
11/17/2015 19:30,3.3866,253.4512
11/17/2015 19:45,3.4039,253.4394
11/17/2015 20:00,3.3692,253.9827
11/17/2015 20:15,3.3348,254.5373
11/17/2015 20:30,3.3007,255.1034
11/17/2015 20:45,3.267,255.6813
11/17/2015 21:00,3.2143,256.7148
11/17/2015 21:15,3.1627,257.7824
11/17/2015 21:30,3.1123,258.8851
11/17/2015 21:45,3.063,260.0236
11/17/2015 22:00,2.9967,261.5042
11/17/2015 22:15,2.9324,263.0507
11/17/2015 22:30,2.8704,264.6653
11/17/2015 22:45,2.8108,266.3499
11/17/2015 23:00,2.731,268.3486
11/17/2015 23:15,2.6547,270.4649
11/17/2015 23:30,2.5823,272.7031
11/17/2015 23:45,2.514,275.0666
11/18/2015 0:00,2.4269,277.1747
11/18/2015 0:15,2.3434,279.4364
11/18/2015 0:30,2.2638,281.8611
11/18/2015 0:45,2.1885,284.4576
11/18/2015 1:00,2.195,286.0771
11/18/2015 1:15,2.2033,287.6858
11/18/2015 1:30,2.2133,289.2812
11/18/2015 1:45,2.225,290.861
11/18/2015 2:00,2.2373,290.1254
11/18/2015 2:15,2.2499,289.3979
11/18/2015 2:30,2.263,288.6787
11/18/2015 2:45,2.2763,287.9678
11/18/2015 3:00,2.2797,285.5505
11/18/2015 3:15,2.287,283.1445
11/18/2015 3:30,2.2984,280.7581
11/18/2015 3:45,2.3137,278.3993
11/18/2015 4:00,2.354,275.5548
11/18/2015 4:15,2.4,272.8126
11/18/2015 4:30,2.4512,270.1792
11/18/2015 4:45,2.5074,267.6587
11/18/2015 5:00,2.588,265.1819
11/18/2015 5:15,2.6732,262.8588
11/18/2015 5:30,2.7625,260.6824
11/18/2015 5:45,2.8555,258.6451
11/18/2015 6:00,2.9488,256.723
11/18/2015 6:15,3.0452,254.9206
11/18/2015 6:30,3.1445,253.2305
11/18/2015 6:45,3.2463,251.645
11/18/2015 7:00,3.3263,250.2408
11/18/2015 7:15,3.4081,248.9033
11/18/2015 7:30,3.4918,247.6292
11/18/2015 7:45,3.5771,246.4153
11/18/2015 8:00,3.632,245.4978
11/18/2015 8:15,3.6879,244.6078
11/18/2015 8:30,3.7446,243.7445
11/18/2015 8:45,3.8021,242.9072
11/18/2015 9:00,3.7922,242.4372
11/18/2015 9:15,3.7826,241.9648
11/18/2015 9:30,3.7733,241.49
11/18/2015 9:45,3.7642,241.0129
11/18/2015 10:00,3.6449,240.641
11/18/2015 10:15,3.5258,240.2439
11/18/2015 10:30,3.4068,239.8191
11/18/2015 10:45,3.288,239.3636
11/18/2015 11:00,3.1561,239.161
11/18/2015 11:15,3.0243,238.9408
11/18/2015 11:30,2.8925,238.7005
11/18/2015 11:45,2.7608,238.4373
11/18/2015 12:00,2.6805,238.2153
11/18/2015 12:15,2.6002,237.9795
11/18/2015 12:30,2.52,237.7288
11/18/2015 12:45,2.4399,237.4616
11/18/2015 13:00,2.4139,237.0132
11/18/2015 13:15,2.388,236.5551
11/18/2015 13:30,2.3623,236.0871
11/18/2015 13:45,2.3368,235.6087
11/18/2015 14:00,2.3231,234.7099
11/18/2015 14:15,2.31,233.8006
11/18/2015 14:30,2.2974,232.8811
11/18/2015 14:45,2.2855,231.9518
11/18/2015 15:00,2.2834,230.7069
11/18/2015 15:15,2.2823,229.4601
11/18/2015 15:30,2.2824,228.2129
11/18/2015 15:45,2.2835,226.9663
11/18/2015 16:00,2.2971,225.9023
11/18/2015 16:15,2.3116,224.8513
11/18/2015 16:30,2.3268,223.8137
11/18/2015 16:45,2.3427,222.7898
11/18/2015 17:00,2.3689,222.0112
11/18/2015 17:15,2.3954,221.2496
11/18/2015 17:30,2.4224,220.505
11/18/2015 17:45,2.4498,219.7768
11/18/2015 18:00,2.4766,219.6874
11/18/2015 18:15,2.5033,219.5998
11/18/2015 18:30,2.5301,219.5141
11/18/2015 18:45,2.5568,219.4303
11/18/2015 19:00,2.5776,219.9716
11/18/2015 19:15,2.5987,220.5042
11/18/2015 19:30,2.62,221.0282
11/18/2015 19:45,2.6414,221.5437
11/18/2015 20:00,2.6532,221.8749
11/18/2015 20:15,2.665,222.2032
11/18/2015 20:30,2.6768,222.5286
11/18/2015 20:45,2.6888,222.851
11/18/2015 21:00,2.6973,222.89
11/18/2015 21:15,2.7058,222.9287
11/18/2015 21:30,2.7143,222.9672
11/18/2015 21:45,2.7228,223.0054
11/18/2015 22:00,2.7377,222.8179
11/18/2015 22:15,2.7527,222.6324
11/18/2015 22:30,2.7678,222.449
11/18/2015 22:45,2.7828,222.2675
11/18/2015 23:00,2.7968,221.7996
11/18/2015 23:15,2.8109,221.3364
11/18/2015 23:30,2.8252,220.8779
11/18/2015 23:45,2.8397,220.424
11/19/2015 0:00,2.8302,219.9582
11/19/2015 0:15,2.8209,219.4894
11/19/2015 0:30,2.8117,219.0174
11/19/2015 0:45,2.8028,218.5424
11/19/2015 1:00,2.8277,218.1854
11/19/2015 1:15,2.8527,217.8346
11/19/2015 1:30,2.8779,217.49
11/19/2015 1:45,2.9031,217.1513
11/19/2015 2:00,2.7737,218.014
11/19/2015 2:15,2.645,218.961
11/19/2015 2:30,2.517,220.0045
11/19/2015 2:45,2.39,221.1593
11/19/2015 3:00,2.2132,223.1383
11/19/2015 3:15,2.0394,225.4578
11/19/2015 3:30,1.8696,228.2038
11/19/2015 3:45,1.7049,231.489
11/19/2015 4:00,1.6751,230.4569
11/19/2015 4:15,1.6459,229.3878
11/19/2015 4:30,1.6173,228.2803
11/19/2015 4:45,1.5892,227.1335
11/19/2015 5:00,1.6989,223.1208
11/19/2015 5:15,1.8159,219.6096
11/19/2015 5:30,1.9389,216.5334
11/19/2015 5:45,2.0667,213.8308
11/19/2015 6:00,2.1468,212.1766
11/19/2015 6:15,2.2285,210.6426
11/19/2015 6:30,2.3118,209.218
11/19/2015 6:45,2.3963,207.8932
11/19/2015 7:00,2.388,207.3155
11/19/2015 7:15,2.38,206.7339
11/19/2015 7:30,2.3723,206.1484
11/19/2015 7:45,2.3648,205.5591
11/19/2015 8:00,2.3278,205.2486
11/19/2015 8:15,2.2909,204.928
11/19/2015 8:30,2.2541,204.5969
11/19/2015 8:45,2.2174,204.2548
11/19/2015 9:00,2.1911,203.2787
11/19/2015 9:15,2.1655,202.2791
11/19/2015 9:30,2.1406,201.256
11/19/2015 9:45,2.1163,200.2091
11/19/2015 10:00,2.0653,198.5912
11/19/2015 10:15,2.016,196.8927
11/19/2015 10:30,1.9685,195.1107
11/19/2015 10:45,1.9231,193.2426
11/19/2015 11:00,1.8627,190.927
11/19/2015 11:15,1.8055,188.4606
11/19/2015 11:30,1.7519,185.8381
11/19/2015 11:45,1.7022,183.0563
11/19/2015 12:00,1.675,180.4048
11/19/2015 12:15,1.6516,177.6718
11/19/2015 12:30,1.632,174.8668
11/19/2015 12:45,1.6164,172.0006
11/19/2015 13:00,1.5926,168.7885
11/19/2015 13:15,1.5739,165.4895
11/19/2015 13:30,1.5605,162.1227
11/19/2015 13:45,1.5526,158.7098
11/19/2015 14:00,1.5304,154.7119
11/19/2015 14:15,1.5159,150.6171
11/19/2015 14:30,1.5092,146.4646
11/19/2015 14:45,1.5105,142.2973
11/19/2015 15:00,1.5151,137.8082
11/19/2015 15:15,1.5288,133.3729
11/19/2015 15:30,1.5515,129.042
11/19/2015 15:45,1.5828,124.8591
11/19/2015 16:00,1.6057,121.3602
11/19/2015 16:15,1.6345,117.9719
11/19/2015 16:30,1.6687,114.7115
11/19/2015 16:45,1.7081,111.5918
11/19/2015 17:00,1.7488,109.4861
11/19/2015 17:15,1.7919,107.4789
11/19/2015 17:30,1.837,105.5681
11/19/2015 17:45,1.884,103.7508
11/19/2015 18:00,1.9389,103.0488
11/19/2015 18:15,1.994,102.3856
11/19/2015 18:30,2.0494,101.7581
11/19/2015 18:45,2.105,101.1637
11/19/2015 19:00,2.1674,101.1372
11/19/2015 19:15,2.2298,101.1121
11/19/2015 19:30,2.2922,101.0885
11/19/2015 19:45,2.3546,101.0661
11/19/2015 20:00,2.4016,102.0937
11/19/2015 20:15,2.4493,103.0816
11/19/2015 20:30,2.4977,104.0315
11/19/2015 20:45,2.5467,104.9451
11/19/2015 21:00,2.5817,106.6273
11/19/2015 21:15,2.6189,108.2632
11/19/2015 21:30,2.6581,109.8521
11/19/2015 21:45,2.6993,111.3935
11/19/2015 22:00,2.7263,112.54
11/19/2015 22:15,2.7542,113.6637
11/19/2015 22:30,2.7833,114.7643
11/19/2015 22:45,2.8133,115.8418
11/19/2015 23:00,2.8018,116.0539
11/19/2015 23:15,2.7903,116.2677
11/19/2015 23:30,2.7788,116.4833
11/19/2015 23:45,2.7674,116.7006
11/20/2015 0:00,2.6874,116.0788
11/20/2015 0:15,2.6078,115.4189
11/20/2015 0:30,2.5285,114.7175
11/20/2015 0:45,2.4497,113.9709
11/20/2015 1:00,2.3983,112.59
11/20/2015 1:15,2.3484,111.1495
11/20/2015 1:30,2.3,109.6474
11/20/2015 1:45,2.2533,108.082
11/20/2015 2:00,2.2738,107.046
11/20/2015 2:15,2.2951,106.029
11/20/2015 2:30,2.3171,105.0309
11/20/2015 2:45,2.3398,104.052
11/20/2015 3:00,2.3668,103.0729
11/20/2015 3:15,2.3944,102.1161
11/20/2015 3:30,2.4228,101.1815
11/20/2015 3:45,2.4517,100.2687
11/20/2015 4:00,2.4766,99.2253
11/20/2015 4:15,2.5023,98.203
11/20/2015 4:30,2.5288,97.2018
11/20/2015 4:45,2.5561,96.2216
11/20/2015 5:00,2.5977,96.0085
11/20/2015 5:15,2.6393,95.802
11/20/2015 5:30,2.681,95.602
11/20/2015 5:45,2.7227,95.4081
11/20/2015 6:00,2.7551,95.7826
11/20/2015 6:15,2.7876,96.1484
11/20/2015 6:30,2.8203,96.5057
11/20/2015 6:45,2.853,96.8548
11/20/2015 7:00,2.8759,97.4485
11/20/2015 7:15,2.899,98.0328
11/20/2015 7:30,2.9224,98.6078
11/20/2015 7:45,2.9461,99.1736
11/20/2015 8:00,2.9497,99.3681
11/20/2015 8:15,2.9533,99.562
11/20/2015 8:30,2.957,99.7555
11/20/2015 8:45,2.9607,99.9486
11/20/2015 9:00,2.9507,99.807
11/20/2015 9:15,2.9408,99.6644
11/20/2015 9:30,2.9308,99.5209
11/20/2015 9:45,2.9209,99.3764
11/20/2015 10:00,2.9257,98.9406
11/20/2015 10:15,2.9307,98.5063
11/20/2015 10:30,2.9358,98.0734
11/20/2015 10:45,2.9411,97.6421
11/20/2015 11:00,2.8792,97.3658
11/20/2015 11:15,2.8174,97.0774
11/20/2015 11:30,2.7556,96.7761
11/20/2015 11:45,2.694,96.461
11/20/2015 12:00,2.7387,95.7554
11/20/2015 12:15,2.7838,95.0726
11/20/2015 12:30,2.8294,94.4116
11/20/2015 12:45,2.8753,93.7717
11/20/2015 13:00,2.9294,92.7938
11/20/2015 13:15,2.9844,91.8517
11/20/2015 13:30,3.0402,90.9439
11/20/2015 13:45,3.0967,90.069
11/20/2015 14:00,3.1282,89.5518
11/20/2015 14:15,3.1599,89.045
11/20/2015 14:30,3.1918,88.5482
11/20/2015 14:45,3.224,88.0614
11/20/2015 15:00,3.2549,87.6768
11/20/2015 15:15,3.2858,87.2994
11/20/2015 15:30,3.317,86.9291
11/20/2015 15:45,3.3482,86.5657
11/20/2015 16:00,3.3794,86.2356
11/20/2015 16:15,3.4107,85.9116
11/20/2015 16:30,3.4421,85.5934
11/20/2015 16:45,3.4737,85.2811
11/20/2015 17:00,3.5155,85.1687
11/20/2015 17:15,3.5574,85.0589
11/20/2015 17:30,3.5993,84.9517
11/20/2015 17:45,3.6412,84.847
11/20/2015 18:00,3.6629,84.9264
11/20/2015 18:15,3.6846,85.0049
11/20/2015 18:30,3.7063,85.0824
11/20/2015 18:45,3.728,85.1591
11/20/2015 19:00,3.7595,85.2851
11/20/2015 19:15,3.791,85.409
11/20/2015 19:30,3.8225,85.5308
11/20/2015 19:45,3.8541,85.6507
11/20/2015 20:00,3.8544,85.532
11/20/2015 20:15,3.8548,85.4134
11/20/2015 20:30,3.8552,85.2948
11/20/2015 20:45,3.8556,85.1762
11/20/2015 21:00,3.7793,84.7794
11/20/2015 21:15,3.7031,84.3662
11/20/2015 21:30,3.6271,83.9357
11/20/2015 21:45,3.5514,83.4867
11/20/2015 22:00,3.4718,82.8918
11/20/2015 22:15,3.3926,82.2689
11/20/2015 22:30,3.3138,81.6164
11/20/2015 22:45,3.2355,80.9322
11/20/2015 23:00,3.1638,80.122
11/20/2015 23:15,3.0928,79.2744
11/20/2015 23:30,3.0226,78.3872
11/20/2015 23:45,2.9531,77.4581
11/21/2015 0:00,2.8875,76.3453
11/21/2015 0:15,2.8231,75.1813
11/21/2015 0:30,2.7599,73.9635
11/21/2015 0:45,2.698,72.6892
11/21/2015 1:00,2.7601,70.9416
11/21/2015 1:15,2.8246,69.2724
11/21/2015 1:30,2.8915,67.679
11/21/2015 1:45,2.9604,66.1588
11/21/2015 2:00,3.0908,66.9109
11/21/2015 2:15,3.2217,67.6021
11/21/2015 2:30,3.353,68.2392
11/21/2015 2:45,3.4847,68.8283
11/21/2015 3:00,3.5941,69.8273
11/21/2015 3:15,3.7045,70.7671
11/21/2015 3:30,3.8159,71.6522
11/21/2015 3:45,3.9281,72.487
11/21/2015 4:00,3.9954,73.1417
11/21/2015 4:15,4.0632,73.7747
11/21/2015 4:30,4.1315,74.3869
11/21/2015 4:45,4.2002,74.9791
11/21/2015 5:00,4.2528,75.2551
11/21/2015 5:15,4.3054,75.5245
11/21/2015 5:30,4.3581,75.7873
11/21/2015 5:45,4.411,76.0438
11/21/2015 6:00,4.4551,76.0737
11/21/2015 6:15,4.4993,76.103
11/21/2015 6:30,4.5434,76.1317
11/21/2015 6:45,4.5876,76.1599
11/21/2015 7:00,4.6112,76.0109
11/21/2015 7:15,4.6349,75.8633
11/21/2015 7:30,4.6586,75.7173
11/21/2015 7:45,4.6823,75.5727
11/21/2015 8:00,4.6767,75.4081
11/21/2015 8:15,4.6711,75.2432
11/21/2015 8:30,4.6655,75.0779
11/21/2015 8:45,4.66,74.9121
11/21/2015 9:00,4.6126,74.7577
11/21/2015 9:15,4.5652,74.6
11/21/2015 9:30,4.5178,74.439
11/21/2015 9:45,4.4705,74.2746
11/21/2015 10:00,4.4039,74.0266
11/21/2015 10:15,4.3375,73.771
11/21/2015 10:30,4.2711,73.5074
11/21/2015 10:45,4.2048,73.2355
11/21/2015 11:00,4.0163,72.9086
11/21/2015 11:15,3.828,72.5495
11/21/2015 11:30,3.6398,72.1532
11/21/2015 11:45,3.4518,71.7138
11/21/2015 12:00,3.4214,70.7768
11/21/2015 12:15,3.3919,69.8232
11/21/2015 12:30,3.3633,68.8531
11/21/2015 12:45,3.3358,67.8668
11/21/2015 13:00,3.3435,66.7619
11/21/2015 13:15,3.3524,65.6625
11/21/2015 13:30,3.3626,64.5694
11/21/2015 13:45,3.3739,63.4832
11/21/2015 14:00,3.3741,62.4559
11/21/2015 14:15,3.3753,61.429
11/21/2015 14:30,3.3776,60.4031
11/21/2015 14:45,3.381,59.379
11/21/2015 15:00,3.3787,58.4595
11/21/2015 15:15,3.3772,57.539
11/21/2015 15:30,3.3766,56.618
11/21/2015 15:45,3.3769,55.6969
11/21/2015 16:00,3.3946,54.5146
11/21/2015 16:15,3.4137,53.3452
11/21/2015 16:30,3.4343,52.1892
11/21/2015 16:45,3.4562,51.0475
11/21/2015 17:00,3.4582,49.9279
11/21/2015 17:15,3.4616,48.8101
11/21/2015 17:30,3.4662,47.6948
11/21/2015 17:45,3.4722,46.583
11/21/2015 18:00,3.4539,45.663
11/21/2015 18:15,3.4366,44.7335
11/21/2015 18:30,3.4201,43.7949
11/21/2015 18:45,3.4046,42.8473
11/21/2015 19:00,3.4709,41.9459
11/21/2015 19:15,3.538,41.0784
11/21/2015 19:30,3.6059,40.2434
11/21/2015 19:45,3.6746,39.4395
11/21/2015 20:00,3.6186,39.1657
11/21/2015 20:15,3.5627,38.8832
11/21/2015 20:30,3.5068,38.5918
11/21/2015 20:45,3.4511,38.2909
11/21/2015 21:00,3.4154,37.4357
11/21/2015 21:15,3.3805,36.5626
11/21/2015 21:30,3.3465,35.6714
11/21/2015 21:45,3.3132,34.7622
11/21/2015 22:00,3.3245,34.0205
11/21/2015 22:15,3.3363,33.2839
11/21/2015 22:30,3.3487,32.5527
11/21/2015 22:45,3.3616,31.827
11/21/2015 23:00,3.3207,31.3789
11/21/2015 23:15,3.2799,30.9198
11/21/2015 23:30,3.2393,30.449
11/21/2015 23:45,3.199,29.9664
11/22/2015 0:00,3.1842,29.9409
11/22/2015 0:15,3.1693,29.9151
11/22/2015 0:30,3.1545,29.8892
11/22/2015 0:45,3.1397,29.8629
11/22/2015 1:00,3.1825,30.3509
11/22/2015 1:15,3.2256,30.8259
11/22/2015 1:30,3.269,31.2884
11/22/2015 1:45,3.3125,31.7387
11/22/2015 2:00,3.358,33.4916
11/22/2015 2:15,3.4066,35.1961
11/22/2015 2:30,3.4581,36.8512
11/22/2015 2:45,3.5125,38.4564
11/22/2015 3:00,3.6424,41.6955
11/22/2015 3:15,3.7832,44.7026
11/22/2015 3:30,3.9336,47.4869
11/22/2015 3:45,4.0926,50.0605
11/22/2015 4:00,4.1908,52.9111
11/22/2015 4:15,4.2989,55.6248
11/22/2015 4:30,4.4162,58.1999
11/22/2015 4:45,4.5419,60.6372
11/22/2015 5:00,4.5731,62.5306
11/22/2015 5:15,4.6092,64.3964
11/22/2015 5:30,4.6501,66.2312
11/22/2015 5:45,4.6957,68.0322
11/22/2015 6:00,4.6942,69.9
11/22/2015 6:15,4.6977,71.767
11/22/2015 6:30,4.7062,73.6292
11/22/2015 6:45,4.7196,75.4828
11/22/2015 7:00,4.6967,77.2771
11/22/2015 7:15,4.6784,79.0872
11/22/2015 7:30,4.6649,80.9097
11/22/2015 7:45,4.656,82.741
11/22/2015 8:00,4.6525,83.8189
11/22/2015 8:15,4.6506,84.8981
11/22/2015 8:30,4.6504,85.9778
11/22/2015 8:45,4.6518,87.0573
11/22/2015 9:00,4.6607,87.7008
11/22/2015 9:15,4.6701,88.3418
11/22/2015 9:30,4.6802,88.9802
11/22/2015 9:45,4.6908,89.6157
11/22/2015 10:00,4.6301,90.3537
11/22/2015 10:15,4.5702,91.1112
11/22/2015 10:30,4.5112,91.8887
11/22/2015 10:45,4.453,92.6867
11/22/2015 11:00,4.2789,93.3655
11/22/2015 11:15,4.1054,94.1019
11/22/2015 11:30,3.9327,94.903
11/22/2015 11:45,3.7608,95.7775
11/22/2015 12:00,3.7554,95.3427
11/22/2015 12:15,3.7502,94.9067
11/22/2015 12:30,3.7452,94.4694
11/22/2015 12:45,3.7404,94.0311
11/22/2015 13:00,3.7538,93.1996
11/22/2015 13:15,3.7679,92.3742
11/22/2015 13:30,3.7828,91.5551
11/22/2015 13:45,3.7984,90.7427
11/22/2015 14:00,3.7535,90.0998
11/22/2015 14:15,3.709,89.4414
11/22/2015 14:30,3.665,88.7671
11/22/2015 14:45,3.6215,88.0766
11/22/2015 15:00,3.5986,87.3743
11/22/2015 15:15,3.5762,86.6631
11/22/2015 15:30,3.5543,85.943
11/22/2015 15:45,3.533,85.2142
11/22/2015 16:00,3.5224,84.847
11/22/2015 16:15,3.512,84.4776
11/22/2015 16:30,3.5017,84.106
11/22/2015 16:45,3.4916,83.7323
11/22/2015 17:00,3.4887,83.7568
11/22/2015 17:15,3.4858,83.7813
11/22/2015 17:30,3.483,83.8059
11/22/2015 17:45,3.4801,83.8305
11/22/2015 18:00,3.4628,83.8195
11/22/2015 18:15,3.4454,83.8083
11/22/2015 18:30,3.4281,83.797
11/22/2015 18:45,3.4107,83.7856
11/22/2015 19:00,3.3797,83.5689
11/22/2015 19:15,3.3487,83.3481
11/22/2015 19:30,3.3178,83.1232
11/22/2015 19:45,3.2869,82.8941
11/22/2015 20:00,3.2408,82.2815
11/22/2015 20:15,3.1951,81.6514
11/22/2015 20:30,3.1497,81.003
11/22/2015 20:45,3.1048,80.3358
11/22/2015 21:00,3.0491,79.4928
11/22/2015 21:15,2.9942,78.6186
11/22/2015 21:30,2.94,77.7119
11/22/2015 21:45,2.8865,76.7715
11/22/2015 22:00,2.8502,75.1472
11/22/2015 22:15,2.8162,73.4823
11/22/2015 22:30,2.7846,71.7782
11/22/2015 22:45,2.7555,70.0366
11/22/2015 23:00,2.7253,67.7083
11/22/2015 23:15,2.6997,65.3319
11/22/2015 23:30,2.6789,62.9142
11/22/2015 23:45,2.6628,60.463
11/23/2015 0:00,2.684,57.1233
11/23/2015 0:15,2.7141,53.8468
11/23/2015 0:30,2.7529,50.6524
11/23/2015 0:45,2.8,47.5561
11/23/2015 1:00,2.9265,44.541
11/23/2015 1:15,3.0604,41.7826
11/23/2015 1:30,3.2008,39.2607
11/23/2015 1:45,3.3469,36.9549
11/23/2015 2:00,3.5233,36.2768
11/23/2015 2:15,3.7002,35.6634
11/23/2015 2:30,3.8774,35.106
11/23/2015 2:45,4.055,34.5974
11/23/2015 3:00,4.2764,35.3454
11/23/2015 3:15,4.4985,36.0196
11/23/2015 3:30,4.7211,36.6303
11/23/2015 3:45,4.9442,37.186
11/23/2015 4:00,5.0469,37.7059
11/23/2015 4:15,5.15,38.205
11/23/2015 4:30,5.2535,38.6845
11/23/2015 4:45,5.3574,39.1454
11/23/2015 5:00,5.3889,39.3961
11/23/2015 5:15,5.4207,39.6438
11/23/2015 5:30,5.4525,39.8887
11/23/2015 5:45,5.4843,40.1307
11/23/2015 6:00,5.452,39.8496
11/23/2015 6:15,5.4198,39.5651
11/23/2015 6:30,5.3878,39.2773
11/23/2015 6:45,5.3558,38.986
11/23/2015 7:00,5.2869,38.4931
11/23/2015 7:15,5.2183,37.9872
11/23/2015 7:30,5.1501,37.4679
11/23/2015 7:45,5.0824,36.9348
11/23/2015 8:00,4.9383,36.7081
11/23/2015 8:15,4.7942,36.4678
11/23/2015 8:30,4.6503,36.2126
11/23/2015 8:45,4.5064,35.9411
11/23/2015 9:00,4.3709,36.0899
11/23/2015 9:15,4.2355,36.2482
11/23/2015 9:30,4.1001,36.417
11/23/2015 9:45,3.9648,36.5972
11/23/2015 10:00,3.8418,36.7143
11/23/2015 10:15,3.7189,36.8391
11/23/2015 10:30,3.596,36.9724
11/23/2015 10:45,3.4731,37.1151
11/23/2015 11:00,3.318,37.0148
11/23/2015 11:15,3.1629,36.9046
11/23/2015 11:30,3.0079,36.783
11/23/2015 11:45,2.8528,36.6482
11/23/2015 12:00,2.8074,37.0394
11/23/2015 12:15,2.7621,37.4435
11/23/2015 12:30,2.717,37.8609
11/23/2015 12:45,2.672,38.2925
11/23/2015 13:00,2.6417,39.6132
11/23/2015 13:15,2.6127,40.9639
11/23/2015 13:30,2.5853,42.344
11/23/2015 13:45,2.5593,43.753
11/23/2015 14:00,2.5713,45.2661
11/23/2015 14:15,2.585,46.7642
11/23/2015 14:30,2.6005,48.2454
11/23/2015 14:45,2.6177,49.7082
11/23/2015 15:00,2.6516,50.5907
11/23/2015 15:15,2.6861,51.4509
11/23/2015 15:30,2.7211,52.289
11/23/2015 15:45,2.7568,53.1056
11/23/2015 16:00,2.7814,53.2599
11/23/2015 16:15,2.8061,53.4114
11/23/2015 16:30,2.8308,53.5603
11/23/2015 16:45,2.8555,53.7066
11/23/2015 17:00,2.8789,53.6704
11/23/2015 17:15,2.9023,53.6348
11/23/2015 17:30,2.9258,53.5998
11/23/2015 17:45,2.9492,53.5653
11/23/2015 18:00,2.9841,53.6678
11/23/2015 18:15,3.019,53.7679
11/23/2015 18:30,3.0539,53.8657
11/23/2015 18:45,3.0888,53.9613
11/23/2015 19:00,3.1233,54.0261
11/23/2015 19:15,3.1579,54.0896
11/23/2015 19:30,3.1925,54.1516
11/23/2015 19:45,3.2271,54.2123
11/23/2015 20:00,3.2123,54.2772
11/23/2015 20:15,3.1975,54.3427
11/23/2015 20:30,3.1827,54.4088
11/23/2015 20:45,3.1679,54.4755
11/23/2015 21:00,3.1388,54.63
11/23/2015 21:15,3.1098,54.7873
11/23/2015 21:30,3.0808,54.9476
11/23/2015 21:45,3.0518,55.1109
11/23/2015 22:00,3.0463,55.7679
11/23/2015 22:15,3.0412,56.4272
11/23/2015 22:30,3.0365,57.0886
11/23/2015 22:45,3.0322,57.752
11/23/2015 23:00,3.0199,58.8757
11/23/2015 23:15,3.0089,60.0082
11/23/2015 23:30,2.999,61.1486
11/23/2015 23:45,2.9903,62.296
11/24/2015 0:00,2.9726,63.4794
11/24/2015 0:15,2.9562,64.6765
11/24/2015 0:30,2.9411,65.8864
11/24/2015 0:45,2.9273,67.1082
11/24/2015 1:00,3.0182,67.9331
11/24/2015 1:15,3.1096,68.7097
11/24/2015 1:30,3.2016,69.4417
11/24/2015 1:45,3.2941,70.1328
11/24/2015 2:00,3.3486,71.1715
11/24/2015 2:15,3.4042,72.1767
11/24/2015 2:30,3.4608,73.1492
11/24/2015 2:45,3.5184,74.0902
11/24/2015 3:00,3.5846,74.7219
11/24/2015 3:15,3.6513,75.3307
11/24/2015 3:30,3.7183,75.9175
11/24/2015 3:45,3.7858,76.4835
11/24/2015 4:00,3.7904,76.5953
11/24/2015 4:15,3.7951,76.7068
11/24/2015 4:30,3.7997,76.818
11/24/2015 4:45,3.8044,76.929
11/24/2015 5:00,3.7707,76.6942
11/24/2015 5:15,3.7371,76.4552
11/24/2015 5:30,3.7035,76.2119
11/24/2015 5:45,3.67,75.9642
11/24/2015 6:00,3.6384,75.4615
11/24/2015 6:15,3.6071,74.95
11/24/2015 6:30,3.5761,74.4297
11/24/2015 6:45,3.5455,73.9003
11/24/2015 7:00,3.5351,73.3949
11/24/2015 7:15,3.525,72.8867
11/24/2015 7:30,3.5152,72.3755
11/24/2015 7:45,3.5057,71.8616
11/24/2015 8:00,3.4876,71.8042
11/24/2015 8:15,3.4695,71.7462
11/24/2015 8:30,3.4513,71.6875
11/24/2015 8:45,3.4332,71.6283
11/24/2015 9:00,3.3593,72.2217
11/24/2015 9:15,3.2857,72.8417
11/24/2015 9:30,3.2125,73.4901
11/24/2015 9:45,3.1397,74.1685
11/24/2015 10:00,3.0983,75.2192
11/24/2015 10:15,3.0579,76.2979
11/24/2015 10:30,3.0187,77.4051
11/24/2015 10:45,2.9806,78.5411
11/24/2015 11:00,2.8838,79.8801
11/24/2015 11:15,2.7888,81.3112
11/24/2015 11:30,2.6957,82.8422
11/24/2015 11:45,2.6045,84.4816
11/24/2015 12:00,2.6319,85.422
11/24/2015 12:15,2.6598,86.343
11/24/2015 12:30,2.6885,87.2445
11/24/2015 12:45,2.7178,88.1268
11/24/2015 13:00,2.7713,88.0277
11/24/2015 13:15,2.8248,87.9322
11/24/2015 13:30,2.8782,87.8403
11/24/2015 13:45,2.9317,87.7518
11/24/2015 14:00,2.9811,86.6694
11/24/2015 14:15,3.0316,85.6227
11/24/2015 14:30,3.083,84.6105
11/24/2015 14:45,3.1353,83.6319
11/24/2015 15:00,3.1821,82.0952
11/24/2015 15:15,3.2312,80.6042
11/24/2015 15:30,3.2823,79.1586
11/24/2015 15:45,3.3355,77.7583
11/24/2015 16:00,3.3786,76.3667
11/24/2015 16:15,3.4237,75.0109
11/24/2015 16:30,3.4706,73.691
11/24/2015 16:45,3.5193,72.407
11/24/2015 17:00,3.6092,71.2869
11/24/2015 17:15,3.7004,70.2217
11/24/2015 17:30,3.7927,69.208
11/24/2015 17:45,3.8863,68.2428
11/24/2015 18:00,4.0492,67.2151
11/24/2015 18:15,4.2133,66.2671
11/24/2015 18:30,4.3785,65.3905
11/24/2015 18:45,4.5447,64.5778
11/24/2015 19:00,4.6506,63.7011
11/24/2015 19:15,4.7575,62.8637
11/24/2015 19:30,4.8655,62.0633
11/24/2015 19:45,4.9743,61.2978
11/24/2015 20:00,4.9466,60.7697
11/24/2015 20:15,4.9192,60.2357
11/24/2015 20:30,4.8923,59.6958
11/24/2015 20:45,4.8659,59.15
11/24/2015 21:00,4.767,58.9122
11/24/2015 21:15,4.6682,58.6643
11/24/2015 21:30,4.5694,58.4057
11/24/2015 21:45,4.4708,58.1357
11/24/2015 22:00,4.4457,57.8964
11/24/2015 22:15,4.4207,57.6545
11/24/2015 22:30,4.3957,57.4098
11/24/2015 22:45,4.3709,57.1623
11/24/2015 23:00,4.3644,57.3813
11/24/2015 23:15,4.3579,57.601
11/24/2015 23:30,4.3515,57.8213
11/24/2015 23:45,4.3452,58.0423
11/25/2015 0:00,4.3945,58.295
11/25/2015 0:15,4.4439,58.5421
11/25/2015 0:30,4.4934,58.7837
11/25/2015 0:45,4.543,59.0201
11/25/2015 1:00,4.7155,59.3335
11/25/2015 1:15,4.8881,59.6249
11/25/2015 1:30,5.0608,59.8963
11/25/2015 1:45,5.2337,60.1498
11/25/2015 2:00,5.3781,60.8226
11/25/2015 2:15,5.5232,61.46
11/25/2015 2:30,5.6689,62.0648
11/25/2015 2:45,5.8152,62.6392
11/25/2015 3:00,5.8262,63.3291
11/25/2015 3:15,5.838,64.0162
11/25/2015 3:30,5.8506,64.7005
11/25/2015 3:45,5.8641,65.3817
11/25/2015 4:00,5.8156,65.6574
11/25/2015 4:15,5.7673,65.9378
11/25/2015 4:30,5.7192,66.2228
11/25/2015 4:45,5.6712,66.5127
11/25/2015 5:00,5.5809,66.2493
11/25/2015 5:15,5.4907,65.9773
11/25/2015 5:30,5.4007,65.6961
11/25/2015 5:45,5.3108,65.4055
11/25/2015 6:00,5.1952,64.6206
11/25/2015 6:15,5.0807,63.8002
11/25/2015 6:30,4.9672,62.9422
11/25/2015 6:45,4.855,62.0442
11/25/2015 7:00,4.7415,61.0746
11/25/2015 7:15,4.6294,60.0578
11/25/2015 7:30,4.5189,58.9908
11/25/2015 7:45,4.41,57.8707
11/25/2015 8:00,4.3635,57.3393
11/25/2015 8:15,4.3173,56.7965
11/25/2015 8:30,4.2716,56.242
11/25/2015 8:45,4.2262,55.6755
11/25/2015 9:00,4.1918,55.9085
11/25/2015 9:15,4.1574,56.1453
11/25/2015 9:30,4.1232,56.386
11/25/2015 9:45,4.0889,56.6308
11/25/2015 10:00,4.0119,57.3405
11/25/2015 10:15,3.9354,58.0779
11/25/2015 10:30,3.8596,58.8443
11/25/2015 10:45,3.7846,59.6413
11/25/2015 11:00,3.6777,60.4317
11/25/2015 11:15,3.5716,61.2692
11/25/2015 11:30,3.4663,62.1579
11/25/2015 11:45,3.3618,63.1019
11/25/2015 12:00,3.3928,63.38
11/25/2015 12:15,3.4239,63.6531
11/25/2015 12:30,3.4551,63.9212
11/25/2015 12:45,3.4864,64.1846
11/25/2015 13:00,3.505,63.9616
11/25/2015 13:15,3.5238,63.7411
11/25/2015 13:30,3.5426,63.5228
11/25/2015 13:45,3.5614,63.3069
11/25/2015 14:00,3.5625,62.9342
11/25/2015 14:15,3.5636,62.5616
11/25/2015 14:30,3.5649,62.1894
11/25/2015 14:45,3.5664,61.8174
11/25/2015 15:00,3.5778,61.4944
11/25/2015 15:15,3.5894,61.1735
11/25/2015 15:30,3.601,60.8547
11/25/2015 15:45,3.6128,60.5379
11/25/2015 16:00,3.6556,60.2898
11/25/2015 16:15,3.6984,60.0475
11/25/2015 16:30,3.7414,59.8107
11/25/2015 16:45,3.7843,59.5793
11/25/2015 17:00,3.8412,59.2878
11/25/2015 17:15,3.8981,59.0049
11/25/2015 17:30,3.9552,58.7301
11/25/2015 17:45,4.0123,58.4632
11/25/2015 18:00,4.0673,58.016
11/25/2015 18:15,4.1226,57.5808
11/25/2015 18:30,4.1781,57.1572
11/25/2015 18:45,4.2339,56.7447
11/25/2015 19:00,4.2606,56.2018
11/25/2015 19:15,4.2877,55.6658
11/25/2015 19:30,4.3151,55.1366
11/25/2015 19:45,4.343,54.6141
11/25/2015 20:00,4.3069,54.016
11/25/2015 20:15,4.2713,53.408
11/25/2015 20:30,4.2363,52.7898
11/25/2015 20:45,4.2017,52.1613
11/25/2015 21:00,4.1427,51.7164
11/25/2015 21:15,4.0841,51.2586
11/25/2015 21:30,4.0256,50.7876
11/25/2015 21:45,3.9675,50.3026
11/25/2015 22:00,3.9132,50.0717
11/25/2015 22:15,3.859,49.8342
11/25/2015 22:30,3.8048,49.5899
11/25/2015 22:45,3.7507,49.3386
11/25/2015 23:00,3.7064,49.214
11/25/2015 23:15,3.6621,49.0865
11/25/2015 23:30,3.6178,48.9558
11/25/2015 23:45,3.5736,48.8219
11/26/2015 0:00,3.5877,48.6247
11/26/2015 0:15,3.6018,48.429
11/26/2015 0:30,3.6161,48.2349
11/26/2015 0:45,3.6303,48.0424
11/26/2015 1:00,3.684,47.8345
11/26/2015 1:15,3.7377,47.6326
11/26/2015 1:30,3.7914,47.4364
11/26/2015 1:45,3.8452,47.2456
11/26/2015 2:00,4.0122,47.4925
11/26/2015 2:15,4.1793,47.7197
11/26/2015 2:30,4.3464,47.9293
11/26/2015 2:45,4.5136,48.1235
11/26/2015 3:00,4.5651,48.4249
11/26/2015 3:15,4.6167,48.7196
11/26/2015 3:30,4.6684,49.0078
11/26/2015 3:45,4.7203,49.2897
11/26/2015 4:00,4.6737,49.3809
11/26/2015 4:15,4.6271,49.4739
11/26/2015 4:30,4.5805,49.5688
11/26/2015 4:45,4.5339,49.6657
11/26/2015 5:00,4.4493,49.5448
11/26/2015 5:15,4.3648,49.4193
11/26/2015 5:30,4.2802,49.2888
11/26/2015 5:45,4.1956,49.1531
11/26/2015 6:00,4.0921,48.8314
11/26/2015 6:15,3.9887,48.493
11/26/2015 6:30,3.8854,48.1366
11/26/2015 6:45,3.7823,47.7608
11/26/2015 7:00,3.6863,47.2098
11/26/2015 7:15,3.5906,46.6295
11/26/2015 7:30,3.4953,46.0175
11/26/2015 7:45,3.4004,45.3712
11/26/2015 8:00,3.3084,44.6996
11/26/2015 8:15,3.2168,43.9896
11/26/2015 8:30,3.1258,43.2382
11/26/2015 8:45,3.0353,42.4419
11/26/2015 9:00,2.9291,41.8573
11/26/2015 9:15,2.8232,41.2287
11/26/2015 9:30,2.7176,40.5513
11/26/2015 9:45,2.6125,39.8192
11/26/2015 10:00,2.5181,39.3073
11/26/2015 10:15,2.4239,38.7556
11/26/2015 10:30,2.3299,38.1593
11/26/2015 10:45,2.2362,37.5129
11/26/2015 11:00,2.152,37.583
11/26/2015 11:15,2.0679,37.6589
11/26/2015 11:30,1.9838,37.7412
11/26/2015 11:45,1.8996,37.8307
11/26/2015 12:00,1.879,38.6299
11/26/2015 12:15,1.8588,39.4466
11/26/2015 12:30,1.8389,40.2812
11/26/2015 12:45,1.8195,41.1337
11/26/2015 13:00,1.8281,41.6165
11/26/2015 13:15,1.8368,42.0949
11/26/2015 13:30,1.8456,42.5687
11/26/2015 13:45,1.8546,43.0379
11/26/2015 14:00,1.888,43.0515
11/26/2015 14:15,1.9215,43.0647
11/26/2015 14:30,1.955,43.0775
11/26/2015 14:45,1.9884,43.0898
11/26/2015 15:00,2.0351,42.932
11/26/2015 15:15,2.0818,42.7813
11/26/2015 15:30,2.1285,42.6372
11/26/2015 15:45,2.1752,42.4993
11/26/2015 16:00,2.2248,42.2872
11/26/2015 16:15,2.2745,42.0844
11/26/2015 16:30,2.3243,41.8904
11/26/2015 16:45,2.374,41.7044
11/26/2015 17:00,2.4202,41.3441
11/26/2015 17:15,2.4664,40.9973
11/26/2015 17:30,2.5128,40.6632
11/26/2015 17:45,2.5592,40.3412
11/26/2015 18:00,2.6097,39.4949
11/26/2015 18:15,2.6607,38.6808
11/26/2015 18:30,2.7123,37.8974
11/26/2015 18:45,2.7643,37.1435
11/26/2015 19:00,2.8088,36.2062
11/26/2015 19:15,2.8541,35.2983
11/26/2015 19:30,2.9,34.419
11/26/2015 19:45,2.9466,33.5673
11/26/2015 20:00,2.9582,32.8603
11/26/2015 20:15,2.9702,32.159
11/26/2015 20:30,2.9827,31.4633
11/26/2015 20:45,2.9956,30.7736
11/26/2015 21:00,2.9792,30.4358
11/26/2015 21:15,2.9628,30.0942
11/26/2015 21:30,2.9466,29.7489
11/26/2015 21:45,2.9305,29.3997
11/26/2015 22:00,2.9146,29.507
11/26/2015 22:15,2.8987,29.6154
11/26/2015 22:30,2.8828,29.7251
11/26/2015 22:45,2.8669,29.836
11/26/2015 23:00,2.8582,30.6198
11/26/2015 23:15,2.85,31.4082
11/26/2015 23:30,2.8423,32.2011
11/26/2015 23:45,2.8352,32.9981
11/27/2015 0:00,2.8403,33.9352
11/27/2015 0:15,2.8462,34.8687
11/27/2015 0:30,2.8529,35.798
11/27/2015 0:45,2.8603,36.7229
11/27/2015 1:00,2.9734,37.5175
11/27/2015 1:15,3.0871,38.2537
11/27/2015 1:30,3.2012,38.9375
11/27/2015 1:45,3.3158,39.5742
11/27/2015 2:00,3.4477,39.8135
11/27/2015 2:15,3.5796,40.0352
11/27/2015 2:30,3.7116,40.2411
11/27/2015 2:45,3.8437,40.4329
11/27/2015 3:00,3.9144,40.087
11/27/2015 3:15,3.9852,39.7534
11/27/2015 3:30,4.0562,39.4314
11/27/2015 3:45,4.1272,39.1206
11/27/2015 4:00,4.1161,39.1672
11/27/2015 4:15,4.105,39.2141
11/27/2015 4:30,4.0938,39.2612
11/27/2015 4:45,4.0827,39.3085
11/27/2015 5:00,4.0036,39.6749
11/27/2015 5:15,3.9247,40.0559
11/27/2015 5:30,3.8459,40.4526
11/27/2015 5:45,3.7674,40.8659
11/27/2015 6:00,3.6483,41.1925
11/27/2015 6:15,3.5293,41.5411
11/27/2015 6:30,3.4105,41.914
11/27/2015 6:45,3.2918,42.3138
11/27/2015 7:00,3.1473,42.6502
11/27/2015 7:15,3.0028,43.019
11/27/2015 7:30,2.8586,43.425
11/27/2015 7:45,2.7145,43.8741
11/27/2015 8:00,2.5917,44.3289
11/27/2015 8:15,2.4691,44.8289
11/27/2015 8:30,2.3467,45.3811
11/27/2015 8:45,2.2246,45.9941
11/27/2015 9:00,2.1031,46.9812
11/27/2015 9:15,1.9822,48.0889
11/27/2015 9:30,1.8623,49.34
11/27/2015 9:45,1.7433,50.7625
11/27/2015 10:00,1.615,52.2662
11/27/2015 10:15,1.4879,54.028
11/27/2015 10:30,1.3626,56.1162
11/27/2015 10:45,1.2394,58.6235
11/27/2015 11:00,1.1247,60.1229
11/27/2015 11:15,1.0109,61.9615
11/27/2015 11:30,0.8984,64.2633
11/27/2015 11:45,0.7878,67.2176
11/27/2015 12:00,0.7374,69.5814
11/27/2015 12:15,0.6886,72.2862
11/27/2015 12:30,0.6414,75.3962
11/27/2015 12:45,0.5965,78.9867
11/27/2015 13:00,0.6135,79.8696
11/27/2015 13:15,0.6307,80.7047
11/27/2015 13:30,0.648,81.4953
11/27/2015 13:45,0.6654,82.2446
11/27/2015 14:00,0.722,82.5677
11/27/2015 14:15,0.7786,82.8437
11/27/2015 14:30,0.8353,83.0823
11/27/2015 14:45,0.8919,83.2906
11/27/2015 15:00,0.9385,83.2572
11/27/2015 15:15,0.985,83.227
11/27/2015 15:30,1.0316,83.1995
11/27/2015 15:45,1.0781,83.1744
11/27/2015 16:00,1.1091,81.7048
11/27/2015 16:15,1.1408,80.316
11/27/2015 16:30,1.1731,79.0029
11/27/2015 16:45,1.206,77.7608
11/27/2015 17:00,1.2259,75.4876
11/27/2015 17:15,1.2478,73.2906
11/27/2015 17:30,1.2714,71.1722
11/27/2015 17:45,1.2967,69.1337
11/27/2015 18:00,1.3008,67.0353
11/27/2015 18:15,1.3067,64.953
11/27/2015 18:30,1.3143,62.8922
11/27/2015 18:45,1.3236,60.8576
11/27/2015 19:00,1.3438,59.1352
11/27/2015 19:15,1.3652,57.4653
11/27/2015 19:30,1.3878,55.8483
11/27/2015 19:45,1.4114,54.2841
11/27/2015 20:00,1.4154,52.9586
11/27/2015 20:15,1.4202,51.6413
11/27/2015 20:30,1.4258,50.3337
11/27/2015 20:45,1.4321,49.0368
11/27/2015 21:00,1.4337,47.5475
11/27/2015 21:15,1.4362,46.0624
11/27/2015 21:30,1.4397,44.5836
11/27/2015 21:45,1.4441,43.1128
11/27/2015 22:00,1.4478,42.4148
11/27/2015 22:15,1.4517,41.7204
11/27/2015 22:30,1.4559,41.0298
11/27/2015 22:45,1.4602,40.3433
11/27/2015 23:00,1.4761,39.923
11/27/2015 23:15,1.4922,39.5117
11/27/2015 23:30,1.5083,39.1092
11/27/2015 23:45,1.5244,38.7153
11/28/2015 0:00,1.5605,38.2729
11/28/2015 0:15,1.5966,37.8504
11/28/2015 0:30,1.6328,37.4467
11/28/2015 0:45,1.669,37.0606
11/28/2015 1:00,1.7936,37.0968
11/28/2015 1:15,1.9182,37.1283
11/28/2015 1:30,2.0428,37.156
11/28/2015 1:45,2.1673,37.1805
11/28/2015 2:00,2.2361,38.3651
11/28/2015 2:15,2.3057,39.4786
11/28/2015 2:30,2.3762,40.5265
11/28/2015 2:45,2.4474,41.5137
11/28/2015 3:00,2.4535,42.7621
11/28/2015 3:15,2.4607,44.0038
11/28/2015 3:30,2.4692,45.2376
11/28/2015 3:45,2.4787,46.4624
11/28/2015 4:00,2.4455,47.6896
11/28/2015 4:15,2.4134,48.95
11/28/2015 4:30,2.3825,50.2437
11/28/2015 4:45,2.3529,51.5708
11/28/2015 5:00,2.3082,53.166
11/28/2015 5:15,2.2654,54.8229
11/28/2015 5:30,2.2245,56.5422
11/28/2015 5:45,2.1857,58.3242
11/28/2015 6:00,2.1286,59.8546
11/28/2015 6:15,2.0731,61.4683
11/28/2015 6:30,2.0193,63.1693
11/28/2015 6:45,1.9673,64.9618
11/28/2015 7:00,1.9113,66.143
11/28/2015 7:15,1.8562,67.3949
11/28/2015 7:30,1.802,68.7228
11/28/2015 7:45,1.7488,70.1322
11/28/2015 8:00,1.7272,70.0612
11/28/2015 8:15,1.7056,69.9883
11/28/2015 8:30,1.684,69.9135
11/28/2015 8:45,1.6624,69.8368
11/28/2015 9:00,1.6656,68.1395
11/28/2015 9:15,1.6703,66.4503
11/28/2015 9:30,1.6764,64.7719
11/28/2015 9:45,1.684,63.1072
11/28/2015 10:00,1.6577,61.6824
11/28/2015 10:15,1.6325,60.2125
11/28/2015 10:30,1.6083,58.6976
11/28/2015 10:45,1.5854,57.1376
11/28/2015 11:00,1.5901,56.1403
11/28/2015 11:15,1.5953,55.1492
11/28/2015 11:30,1.601,54.1649
11/28/2015 11:45,1.6072,53.1878
11/28/2015 12:00,1.6378,52.8409
11/28/2015 12:15,1.6685,52.5067
11/28/2015 12:30,1.6992,52.1846
11/28/2015 12:45,1.7299,51.8739
11/28/2015 13:00,1.7758,52.3807
11/28/2015 13:15,1.8217,52.8619
11/28/2015 13:30,1.8678,53.3195
11/28/2015 13:45,1.914,53.7549
11/28/2015 14:00,1.9612,54.9219
11/28/2015 14:15,2.0091,56.0337
11/28/2015 14:30,2.0577,57.0932
11/28/2015 14:45,2.1071,58.1035
11/28/2015 15:00,2.1585,59.253
11/28/2015 15:15,2.2107,60.3486
11/28/2015 15:30,2.2638,61.3932
11/28/2015 15:45,2.3175,62.3897
11/28/2015 16:00,2.3804,62.8305
11/28/2015 16:15,2.4435,63.2486
11/28/2015 16:30,2.5067,63.6456
11/28/2015 16:45,2.5701,64.023
11/28/2015 17:00,2.632,63.7615
11/28/2015 17:15,2.694,63.5119
11/28/2015 17:30,2.7561,63.2736
11/28/2015 17:45,2.8182,63.0458
11/28/2015 18:00,2.8771,62.3523
11/28/2015 18:15,2.9365,61.6868
11/28/2015 18:30,2.9962,61.0478
11/28/2015 18:45,3.0563,60.4338
11/28/2015 19:00,3.1265,59.3875
11/28/2015 19:15,3.1976,58.3875
11/28/2015 19:30,3.2697,57.4313
11/28/2015 19:45,3.3426,56.5166
11/28/2015 20:00,3.4172,55.837
11/28/2015 20:15,3.4922,55.1865
11/28/2015 20:30,3.5677,54.5635
11/28/2015 20:45,3.6435,53.9664
11/28/2015 21:00,3.7014,53.5587
11/28/2015 21:15,3.7595,53.1637
11/28/2015 21:30,3.8178,52.7807
11/28/2015 21:45,3.8762,52.4092
11/28/2015 22:00,3.8882,52.3365
11/28/2015 22:15,3.9002,52.2643
11/28/2015 22:30,3.9122,52.1925
11/28/2015 22:45,3.9242,52.1212
11/28/2015 23:00,3.9335,52.1962
11/28/2015 23:15,3.9428,52.2709
11/28/2015 23:30,3.9522,52.3451
11/28/2015 23:45,3.9615,52.4191
11/29/2015 0:00,4.0377,52.5823
11/29/2015 0:15,4.1139,52.7395
11/29/2015 0:30,4.1901,52.8909
11/29/2015 0:45,4.2664,53.0369
11/29/2015 1:00,4.4535,53.0757
11/29/2015 1:15,4.6407,53.1113
11/29/2015 1:30,4.8278,53.1442
11/29/2015 1:45,5.0149,53.1747
11/29/2015 2:00,5.1386,52.8963
11/29/2015 2:15,5.2625,52.6311
11/29/2015 2:30,5.3864,52.378
11/29/2015 2:45,5.5104,52.1363
11/29/2015 3:00,5.5271,51.7611
11/29/2015 3:15,5.544,51.3881
11/29/2015 3:30,5.5611,51.0173
11/29/2015 3:45,5.5785,50.6489
11/29/2015 4:00,5.4965,50.4412
11/29/2015 4:15,5.4145,50.2272
11/29/2015 4:30,5.3326,50.0066
11/29/2015 4:45,5.2508,49.7791
11/29/2015 5:00,5.1884,50.3105
11/29/2015 5:15,5.1263,50.8547
11/29/2015 5:30,5.0648,51.4123
11/29/2015 5:45,5.0038,51.9835
11/29/2015 6:00,4.9478,52.4073
11/29/2015 6:15,4.8921,52.8409
11/29/2015 6:30,4.8367,53.2844
11/29/2015 6:45,4.7815,53.7381
11/29/2015 7:00,4.6788,53.6405
11/29/2015 7:15,4.5761,53.5384
11/29/2015 7:30,4.4734,53.4317
11/29/2015 7:45,4.3707,53.3199
11/29/2015 8:00,4.2749,53.3444
11/29/2015 8:15,4.1792,53.37
11/29/2015 8:30,4.0835,53.3968
11/29/2015 8:45,3.9877,53.425
11/29/2015 9:00,3.8863,53.9628
11/29/2015 9:15,3.7852,54.5295
11/29/2015 9:30,3.6845,55.1273
11/29/2015 9:45,3.5842,55.7585
11/29/2015 10:00,3.5113,56.7449
11/29/2015 10:15,3.4395,57.7727
11/29/2015 10:30,3.3688,58.844
11/29/2015 10:45,3.2994,59.9608
11/29/2015 11:00,3.1602,61.2871
11/29/2015 11:15,3.0229,62.7348
11/29/2015 11:30,2.8877,64.3192
11/29/2015 11:45,2.7549,66.0578
11/29/2015 12:00,2.7572,66.9474
11/29/2015 12:15,2.7602,67.8353
11/29/2015 12:30,2.7639,68.721
11/29/2015 12:45,2.7682,69.6042
11/29/2015 13:00,2.7999,69.31
11/29/2015 13:15,2.8317,69.0225
11/29/2015 13:30,2.8636,68.7414
11/29/2015 13:45,2.8956,68.4664
11/29/2015 14:00,2.9174,67.7209
11/29/2015 14:15,2.9398,66.9867
11/29/2015 14:30,2.9626,66.2637
11/29/2015 14:45,2.9858,65.5518
11/29/2015 15:00,3.0155,64.1493
11/29/2015 15:15,3.0469,62.775
11/29/2015 15:30,3.0801,61.4295
11/29/2015 15:45,3.1149,60.1133
11/29/2015 16:00,3.1392,58.4874
11/29/2015 16:15,3.166,56.8877
11/29/2015 16:30,3.1952,55.3161
11/29/2015 16:45,3.2268,53.7742
11/29/2015 17:00,3.2609,52.9484
11/29/2015 17:15,3.2955,52.1397
11/29/2015 17:30,3.3309,51.3481
11/29/2015 17:45,3.3668,50.5732
11/29/2015 18:00,3.4079,51.1284
11/29/2015 18:15,3.4493,51.6703
11/29/2015 18:30,3.491,52.1994
11/29/2015 18:45,3.533,52.7158
11/29/2015 19:00,3.552,52.9328
11/29/2015 19:15,3.571,53.1475
11/29/2015 19:30,3.59,53.3599
11/29/2015 19:45,3.6091,53.5701
11/29/2015 20:00,3.5375,53.088
11/29/2015 20:15,3.4662,52.5861
11/29/2015 20:30,3.3951,52.0631
11/29/2015 20:45,3.3244,51.5179
11/29/2015 21:00,3.2238,51.043
11/29/2015 21:15,3.1234,50.5375
11/29/2015 21:30,3.0232,49.9986
11/29/2015 21:45,2.9234,49.4228
11/29/2015 22:00,2.8337,48.7297
11/29/2015 22:15,2.7444,47.9913
11/29/2015 22:30,2.6555,47.2035
11/29/2015 22:45,2.5673,46.3613
11/29/2015 23:00,2.4747,44.9794
11/29/2015 23:15,2.3838,43.4911
11/29/2015 23:30,2.2946,41.8859
11/29/2015 23:45,2.2073,40.1523
11/30/2015 0:00,2.1637,37.7747
11/30/2015 0:15,2.1239,35.3039
11/30/2015 0:30,2.0883,32.7438
11/30/2015 0:45,2.057,30.1002
11/30/2015 1:00,2.1322,27.1421
11/30/2015 1:15,2.2127,24.3923
11/30/2015 1:30,2.298,21.841
11/30/2015 1:45,2.3874,19.4765
11/30/2015 2:00,2.4943,18.8026
11/30/2015 2:15,2.6014,18.184
11/30/2015 2:30,2.7088,17.6145
11/30/2015 2:45,2.8165,17.0884
11/30/2015 3:00,2.9177,16.5327
11/30/2015 3:15,3.0192,16.0143
11/30/2015 3:30,3.1209,15.5296
11/30/2015 3:45,3.2228,15.0756
11/30/2015 4:00,3.2795,14.3633
11/30/2015 4:15,3.3366,13.6753
11/30/2015 4:30,3.3941,13.0105
11/30/2015 4:45,3.4522,12.368
11/30/2015 5:00,3.4372,11.274
11/30/2015 5:15,3.4236,10.1709
11/30/2015 5:30,3.4112,9.0594
11/30/2015 5:45,3.4001,7.9402
11/30/2015 6:00,3.3657,6.0943
11/30/2015 6:15,3.3348,4.2123
11/30/2015 6:30,3.3075,2.2972
11/30/2015 6:45,3.2841,0.3525
11/30/2015 7:00,3.2457,358.0114
11/30/2015 7:15,3.213,355.6185
11/30/2015 7:30,3.1859,353.1806
11/30/2015 7:45,3.1647,350.7055
11/30/2015 8:00,3.116,349.2564
11/30/2015 8:15,3.0694,347.7623
11/30/2015 8:30,3.0249,346.2231
11/30/2015 8:45,2.9826,344.6392
11/30/2015 9:00,2.885,344.4119
11/30/2015 9:15,2.7875,344.1686
11/30/2015 9:30,2.69,343.9077
11/30/2015 9:45,2.5925,343.6271
11/30/2015 10:00,2.5372,344.9385
11/30/2015 10:15,2.4832,346.3076
11/30/2015 10:30,2.4307,347.7368
11/30/2015 10:45,2.3797,349.2281
11/30/2015 11:00,2.2752,350.3871
11/30/2015 11:15,2.1717,351.6571
11/30/2015 11:30,2.0694,353.0535
11/30/2015 11:45,1.9684,354.5942
11/30/2015 12:00,1.9501,354.7675
11/30/2015 12:15,1.9319,354.944
11/30/2015 12:30,1.9137,355.1239
11/30/2015 12:45,1.8954,355.3073
11/30/2015 13:00,1.8907,353.3793
11/30/2015 13:15,1.8881,351.4438
11/30/2015 13:30,1.8877,349.5053
11/30/2015 13:45,1.8895,347.5681
11/30/2015 14:00,1.9247,344.6923
11/30/2015 14:15,1.9646,341.9265
11/30/2015 14:30,2.0089,339.2767
11/30/2015 14:45,2.0573,336.7464
11/30/2015 15:00,2.1241,335.1478
11/30/2015 15:15,2.1925,333.6478
11/30/2015 15:30,2.2622,332.2394
11/30/2015 15:45,2.3333,330.916
11/30/2015 16:00,2.3562,331.3481
11/30/2015 16:15,2.3792,331.7718
11/30/2015 16:30,2.4023,332.1874
11/30/2015 16:45,2.4255,332.595
11/30/2015 17:00,2.3429,334.3967
11/30/2015 17:15,2.2628,336.328
11/30/2015 17:30,2.1854,338.3985
11/30/2015 17:45,2.1111,340.6179
11/30/2015 18:00,2.0605,341.8299
11/30/2015 18:15,2.0108,343.1023
11/30/2015 18:30,1.9622,344.4384
11/30/2015 18:45,1.9147,345.8416
11/30/2015 19:00,1.9714,344.8441
11/30/2015 19:15,2.0287,343.9026
11/30/2015 19:30,2.0864,343.013
11/30/2015 19:45,2.1446,342.1715
11/30/2015 20:00,2.2101,341.4341
11/30/2015 20:15,2.2759,340.7392
11/30/2015 20:30,2.342,340.0835
11/30/2015 20:45,2.4084,339.4638
11/30/2015 21:00,2.3975,339.1547
11/30/2015 21:15,2.3866,338.8428
11/30/2015 21:30,2.3758,338.5281
11/30/2015 21:45,2.3651,338.2105
11/30/2015 22:00,2.3399,338.2722
11/30/2015 22:15,2.3146,338.3352
11/30/2015 22:30,2.2894,338.3996
11/30/2015 22:45,2.2641,338.4654
11/30/2015 23:00,2.2474,337.8017
11/30/2015 23:15,2.231,337.1282
11/30/2015 23:30,2.2149,336.4447
11/30/2015 23:45,2.1991,335.7513
