Year,Month,Day,UT time,Wind speed,Wind direction
2015,11,1,0.25,3.2266,152.1565
2015,11,1,0.5,3.2218,152.3708
2015,11,1,0.75,3.217,152.5857
2015,11,1,1,3.2122,152.8012
2015,11,1,1.25,3.3457,152.7827
2015,11,1,1.5,3.4792,152.7656
2015,11,1,1.75,3.6127,152.7497
2015,11,1,2,3.7462,152.735
2015,11,1,2.25,3.8658,153.3491
2015,11,1,2.5,3.9858,153.9262
2015,11,1,2.75,4.1062,154.4696
2015,11,1,3,4.2269,154.9819
2015,11,1,3.25,4.3446,155.6342
2015,11,1,3.5,4.4627,156.252
2015,11,1,3.75,4.5814,156.8379
2015,11,1,4,4.7005,157.3941
2015,11,1,4.25,4.7945,158.4374
2015,11,1,4.5,4.89,159.4402
2015,11,1,4.75,4.987,160.4044
2015,11,1,5,5.0854,161.3315
2015,11,1,5.25,5.171,162.5546
2015,11,1,5.5,5.2589,163.7374
2015,11,1,5.75,5.3489,164.8808
2015,11,1,6,5.441,165.986
2015,11,1,6.25,5.4871,167.3605
2015,11,1,6.5,5.5363,168.7113
2015,11,1,6.75,5.5885,170.0377
2015,11,1,7,5.6436,171.3388
2015,11,1,7.25,5.6305,172.4357
2015,11,1,7.5,5.6194,173.5373
2015,11,1,7.75,5.6104,174.6429
2015,11,1,8,5.6035,175.7516
2015,11,1,8.25,5.5373,176.2321
2015,11,1,8.5,5.4716,176.7241
2015,11,1,8.75,5.4063,177.2281
2015,11,1,9,5.3414,177.7443
2015,11,1,9.25,5.241,177.7979
2015,11,1,9.5,5.1407,177.8535
2015,11,1,9.75,5.0403,177.9114
2015,11,1,10,4.94,177.9716
2015,11,1,10.25,4.7698,177.977
2015,11,1,10.5,4.5996,177.9828
2015,11,1,10.75,4.4294,177.989
2015,11,1,11,4.2591,177.9957
2015,11,1,11.25,4.0385,178.1512
2015,11,1,11.5,3.818,178.3246
2015,11,1,11.75,3.5974,178.5193
2015,11,1,12,3.3769,178.7394
2015,11,1,12.25,3.358,178.8047
2015,11,1,12.5,3.339,178.8708
2015,11,1,12.75,3.3201,178.9376
2015,11,1,13,3.3012,179.0052
2015,11,1,13.25,3.3123,178.8568
2015,11,1,13.5,3.3235,178.7094
2015,11,1,13.75,3.3347,178.563
2015,11,1,14,3.3459,178.4176
2015,11,1,14.25,3.3431,178.2177
2015,11,1,14.5,3.3404,178.0175
2015,11,1,14.75,3.3377,177.8169
2015,11,1,15,3.335,177.6161
2015,11,1,15.25,3.323,177.4566
2015,11,1,15.5,3.311,177.2959
2015,11,1,15.75,3.299,177.134
2015,11,1,16,3.287,176.971
2015,11,1,16.25,3.2543,177.2993
2015,11,1,16.5,3.2217,177.6342
2015,11,1,16.75,3.1892,177.976
2015,11,1,17,3.1568,178.3248
2015,11,1,17.25,3.1264,178.8118
2015,11,1,17.5,3.0962,179.3084
2015,11,1,17.75,3.0662,179.8147
2015,11,1,18,3.0365,180.3309
2015,11,1,18.25,3.015,180.968
2015,11,1,18.5,2.9938,181.6142
2015,11,1,18.75,2.973,182.2695
2015,11,1,19,2.9526,182.934
2015,11,1,19.25,2.9394,183.6608
2015,11,1,19.5,2.9267,184.3941
2015,11,1,19.75,2.9145,185.1336
2015,11,1,20,2.9027,185.8793
2015,11,1,20.25,2.9021,186.6898
2015,11,1,20.5,2.902,187.5005
2015,11,1,20.75,2.9025,188.3111
2015,11,1,21,2.9036,189.1212
2015,11,1,21.25,2.9078,189.4825
2015,11,1,21.5,2.9121,189.8428
2015,11,1,21.75,2.9165,190.2019
2015,11,1,22,2.9211,190.56
2015,11,1,22.25,2.9002,190.1776
2015,11,1,22.5,2.8794,189.7897
2015,11,1,22.75,2.8587,189.3961
2015,11,1,23,2.8382,188.9968
2015,11,1,23.25,2.8104,187.8426
2015,11,1,23.5,2.7838,186.6657
2015,11,1,23.75,2.7583,185.4666
2015,11,1,24,2.7341,184.2457
2015,11,2,0.25,2.6789,182.7321
2015,11,2,0.5,2.6257,181.1561
2015,11,2,0.75,2.5745,179.5161
2015,11,2,1,2.5255,177.8111
2015,11,2,1.25,2.6089,176.3727
2015,11,2,1.5,2.6938,175.0242
2015,11,2,1.75,2.7801,173.7587
2015,11,2,2,2.8677,172.57
2015,11,2,2.25,2.9785,172.7465
2015,11,2,2.5,3.0894,172.9103
2015,11,2,2.75,3.2002,173.0628
2015,11,2,3,3.3111,173.205
2015,11,2,3.25,3.3696,173.6716
2015,11,2,3.5,3.4283,174.1222
2015,11,2,3.75,3.4871,174.5576
2015,11,2,4,3.5462,174.9785
2015,11,2,4.25,3.5784,175.3262
2015,11,2,4.5,3.6108,175.6676
2015,11,2,4.75,3.6433,176.0029
2015,11,2,5,3.6759,176.3323
2015,11,2,5.25,3.7245,176.7689
2015,11,2,5.5,3.7734,177.1943
2015,11,2,5.75,3.8225,177.6087
2015,11,2,6,3.8718,178.0126
2015,11,2,6.25,3.9188,178.454
2015,11,2,6.5,3.966,178.885
2015,11,2,6.75,4.0134,179.3058
2015,11,2,7,4.0611,179.7167
2015,11,2,7.25,4.0732,180.0388
2015,11,2,7.5,4.0855,180.3589
2015,11,2,7.75,4.0979,180.6771
2015,11,2,8,4.1104,180.9933
2015,11,2,8.25,4.0681,181.1458
2015,11,2,8.5,4.0258,181.3014
2015,11,2,8.75,3.9836,181.4604
2015,11,2,9,3.9414,181.6227
2015,11,2,9.25,3.8651,181.8553
2015,11,2,9.5,3.7889,182.0973
2015,11,2,9.75,3.7128,182.3491
2015,11,2,10,3.6368,182.6116
2015,11,2,10.25,3.5016,182.9832
2015,11,2,10.5,3.3666,183.3846
2015,11,2,10.75,3.2318,183.8196
2015,11,2,11,3.0972,184.2924
2015,11,2,11.25,2.9456,184.8486
2015,11,2,11.5,2.7943,185.4651
2015,11,2,11.75,2.6434,186.1521
2015,11,2,12,2.493,186.9221
2015,11,2,12.25,2.4403,187.8709
2015,11,2,12.5,2.3883,188.8613
2015,11,2,12.75,2.3371,189.8954
2015,11,2,13,2.2867,190.9755
2015,11,2,13.25,2.2612,192.4698
2015,11,2,13.5,2.2373,193.9971
2015,11,2,13.75,2.2151,195.5563
2015,11,2,14,2.1945,197.1458
2015,11,2,14.25,2.1691,198.739
2015,11,2,14.5,2.1453,200.3686
2015,11,2,14.75,2.1234,202.0333
2015,11,2,15,2.1033,203.7312
2015,11,2,15.25,2.0732,205.0696
2015,11,2,15.5,2.0443,206.4466
2015,11,2,15.75,2.0165,207.8623
2015,11,2,16,1.9901,209.3166
2015,11,2,16.25,1.9716,210.5059
2015,11,2,16.5,1.9541,211.7171
2015,11,2,16.75,1.9374,212.9497
2015,11,2,17,1.9217,214.2031
2015,11,2,17.25,1.897,214.8889
2015,11,2,17.5,1.8726,215.5927
2015,11,2,17.75,1.8485,216.315
2015,11,2,18,1.8247,217.0562
2015,11,2,18.25,1.7918,217.6519
2015,11,2,18.5,1.7592,218.2697
2015,11,2,18.75,1.7268,218.9107
2015,11,2,19,1.6946,219.5763
2015,11,2,19.25,1.6438,219.7748
2015,11,2,19.5,1.593,219.9859
2015,11,2,19.75,1.5422,220.211
2015,11,2,20,1.4914,220.4514
2015,11,2,20.25,1.4272,218.6651
2015,11,2,20.5,1.3644,216.7122
2015,11,2,20.75,1.3033,214.5738
2015,11,2,21,1.2443,212.2289
2015,11,2,21.25,1.1811,207.4984
2015,11,2,21.5,1.1268,202.2732
2015,11,2,21.75,1.0828,196.572
2015,11,2,22,1.0503,190.4541
2015,11,2,22.25,1.0434,183.7019
2015,11,2,22.5,1.051,176.954
2015,11,2,22.75,1.0729,170.3924
2015,11,2,23,1.1081,164.1708
2015,11,2,23.25,1.164,159.5354
2015,11,2,23.5,1.2267,155.3488
2015,11,2,23.75,1.2953,151.5873
2015,11,2,24,1.3689,148.2172
2015,11,3,0.25,1.4089,145.7601
2015,11,3,0.5,1.4514,143.4427
2015,11,3,0.75,1.4961,141.2604
2015,11,3,1,1.5428,139.2075
2015,11,3,1.25,1.6204,137.5612
2015,11,3,1.5,1.6993,136.0665
2015,11,3,1.75,1.7791,134.7051
2015,11,3,2,1.8599,133.4614
2015,11,3,2.25,1.9524,132.8776
2015,11,3,2.5,2.0451,132.3467
2015,11,3,2.75,2.138,131.8619
2015,11,3,3,2.231,131.4175
2015,11,3,3.25,2.2512,130.9239
2015,11,3,3.5,2.2716,130.4392
2015,11,3,3.75,2.2921,129.963
2015,11,3,4,2.3128,129.4954
2015,11,3,4.25,2.2856,130.0304
2015,11,3,4.5,2.2586,130.5782
2015,11,3,4.75,2.2318,131.1393
2015,11,3,5,2.2053,131.7139
2015,11,3,5.25,2.1686,133.6402
2015,11,3,5.5,2.1345,135.6304
2015,11,3,5.75,2.103,137.6827
2015,11,3,6,2.0743,139.7946
2015,11,3,6.25,2.0446,142.4143
2015,11,3,6.5,2.0193,145.1054
2015,11,3,6.75,1.9985,147.8586
2015,11,3,7,1.9825,150.6629
2015,11,3,7.25,1.9582,153.3063
2015,11,3,7.5,1.9382,156.0102
2015,11,3,7.75,1.9226,158.7642
2015,11,3,8,1.9115,161.5567
2015,11,3,8.25,1.8714,163.063
2015,11,3,8.5,1.8326,164.6342
2015,11,3,8.75,1.7952,166.272
2015,11,3,9,1.7594,167.978
2015,11,3,9.25,1.7184,168.4702
2015,11,3,9.5,1.6774,168.9865
2015,11,3,9.75,1.6366,169.5287
2015,11,3,10,1.596,170.0984
2015,11,3,10.25,1.5682,170.6894
2015,11,3,10.5,1.5405,171.3016
2015,11,3,10.75,1.5129,171.9363
2015,11,3,11,1.4856,172.5943
2015,11,3,11.25,1.4466,172.9661
2015,11,3,11.5,1.4077,173.3586
2015,11,3,11.75,1.3688,173.7733
2015,11,3,12,1.33,174.2122
2015,11,3,12.25,1.3183,174.6632
2015,11,3,12.5,1.3067,175.1222
2015,11,3,12.75,1.2952,175.5894
2015,11,3,13,1.2838,176.065
2015,11,3,13.25,1.2403,176.7818
2015,11,3,13.5,1.1971,177.5506
2015,11,3,13.75,1.1541,178.3769
2015,11,3,14,1.1113,179.2669
2015,11,3,14.25,1.0501,181.3681
2015,11,3,14.5,0.9906,183.7256
2015,11,3,14.75,0.9329,186.3798
2015,11,3,15,0.8774,189.3764
2015,11,3,15.25,0.826,192.6975
2015,11,3,15.5,0.7777,196.445
2015,11,3,15.75,0.7332,200.6677
2015,11,3,16,0.6931,205.4068
2015,11,3,16.25,0.6639,209.2351
2015,11,3,16.5,0.6379,213.3958
2015,11,3,16.75,0.6155,217.8845
2015,11,3,17,0.5971,222.68
2015,11,3,17.25,0.5768,225.9552
2015,11,3,17.5,0.5585,229.4569
2015,11,3,17.75,0.5425,233.1807
2015,11,3,18,0.5288,237.114
2015,11,3,18.25,0.5123,240.9102
2015,11,3,18.5,0.4982,244.94
2015,11,3,18.75,0.4867,249.1821
2015,11,3,19,0.478,253.6039
2015,11,3,19.25,0.4704,256.3999
2015,11,3,19.5,0.464,259.2807
2015,11,3,19.75,0.4588,262.2346
2015,11,3,20,0.4548,265.2484
2015,11,3,20.25,0.4578,270.1265
2015,11,3,20.5,0.464,274.9076
2015,11,3,20.75,0.4734,279.5307
2015,11,3,21,0.4857,283.947
2015,11,3,21.25,0.5074,289.7505
2015,11,3,21.5,0.5339,295.0287
2015,11,3,21.75,0.5644,299.7722
2015,11,3,22,0.5984,304.0029
2015,11,3,22.25,0.6278,307.229
2015,11,3,22.5,0.659,310.1583
2015,11,3,22.75,0.6918,312.8166
2015,11,3,23,0.7259,315.23
2015,11,3,23.25,0.7685,318.2235
2015,11,3,23.5,0.813,320.8959
2015,11,3,23.75,0.8591,323.2863
2015,11,3,24,0.9066,325.4298
2015,11,4,0.25,0.9826,328.9918
2015,11,4,0.5,1.0619,332.0322
2015,11,4,0.75,1.1437,334.644
2015,11,4,1,1.2277,336.9029
2015,11,4,1.25,1.3778,338.5872
2015,11,4,1.5,1.5288,339.9397
2015,11,4,1.75,1.6806,341.0484
2015,11,4,2,1.8329,341.9731
2015,11,4,2.25,1.915,341.4393
2015,11,4,2.5,1.9973,340.9494
2015,11,4,2.75,2.0798,340.4984
2015,11,4,3,2.1623,340.0818
2015,11,4,3.25,2.1518,338.5617
2015,11,4,3.5,2.1429,337.0279
2015,11,4,3.75,2.1356,335.4824
2015,11,4,4,2.1297,333.9274
2015,11,4,4.25,2.1033,331.1228
2015,11,4,4.5,2.082,328.2538
2015,11,4,4.75,2.066,325.333
2015,11,4,5,2.0555,322.3745
2015,11,4,5.25,2.0399,318.4082
2015,11,4,5.5,2.0342,314.4004
2015,11,4,5.75,2.0385,310.3898
2015,11,4,6,2.0527,306.4155
2015,11,4,6.25,2.0712,301.6467
2015,11,4,6.5,2.1038,296.9939
2015,11,4,6.75,2.1498,292.5116
2015,11,4,7,2.2083,288.2418
2015,11,4,7.25,2.2552,284.1063
2015,11,4,7.5,2.3133,280.1588
2015,11,4,7.75,2.3819,276.4216
2015,11,4,8,2.46,272.9074
2015,11,4,8.25,2.5348,269.0454
2015,11,4,8.5,2.6204,265.4201
2015,11,4,8.75,2.7158,262.0367
2015,11,4,9,2.82,258.8931
2015,11,4,9.25,2.8905,256.4776
2015,11,4,9.5,2.9658,254.1808
2015,11,4,9.75,3.0457,252.0012
2015,11,4,10,3.1297,249.9357
2015,11,4,10.25,3.151,248.5467
2015,11,4,10.5,3.1741,247.177
2015,11,4,10.75,3.199,245.8279
2015,11,4,11,3.2256,244.5004
2015,11,4,11.25,3.2261,243.3571
2015,11,4,11.5,3.2279,242.2147
2015,11,4,11.75,3.231,241.074
2015,11,4,12,3.2354,239.9359
2015,11,4,12.25,3.2538,239.197
2015,11,4,12.5,3.2727,238.4665
2015,11,4,12.75,3.2921,237.7445
2015,11,4,13,3.312,237.0311
2015,11,4,13.25,3.3218,236.8521
2015,11,4,13.5,3.3316,236.6742
2015,11,4,13.75,3.3414,236.4973
2015,11,4,14,3.3513,236.3214
2015,11,4,14.25,3.327,236.1065
2015,11,4,14.5,3.3029,235.8883
2015,11,4,14.75,3.2787,235.667
2015,11,4,15,3.2546,235.4424
2015,11,4,15.25,3.2534,234.7105
2015,11,4,15.5,3.2528,233.9782
2015,11,4,15.75,3.2526,233.2457
2015,11,4,16,3.253,232.5133
2015,11,4,16.25,3.3043,231.9964
2015,11,4,16.5,3.3557,231.4952
2015,11,4,16.75,3.4074,231.0092
2015,11,4,17,3.4594,230.5378
2015,11,4,17.25,3.5262,230.4971
2015,11,4,17.5,3.593,230.458
2015,11,4,17.75,3.6598,230.4203
2015,11,4,18,3.7266,230.3839
2015,11,4,18.25,3.7645,230.6801
2015,11,4,18.5,3.8026,230.9704
2015,11,4,18.75,3.8407,231.2549
2015,11,4,19,3.879,231.5339
2015,11,4,19.25,3.8739,232.2408
2015,11,4,19.5,3.8694,232.9495
2015,11,4,19.75,3.8656,233.6597
2015,11,4,20,3.8623,234.3712
2015,11,4,20.25,3.7961,235.8661
2015,11,4,20.5,3.7326,237.413
2015,11,4,20.75,3.6719,239.0122
2015,11,4,21,3.6141,240.6639
2015,11,4,21.25,3.525,242.8093
2015,11,4,21.5,3.4411,245.0627
2015,11,4,21.75,3.3628,247.4248
2015,11,4,22,3.2905,249.8951
2015,11,4,22.25,3.218,252.067
2015,11,4,22.5,3.1504,254.3356
2015,11,4,22.75,3.0879,256.6997
2015,11,4,23,3.0309,259.1571
2015,11,4,23.25,2.9743,261.1826
2015,11,4,23.5,2.9215,263.2839
2015,11,4,23.75,2.8728,265.4594
2015,11,4,24,2.8284,267.7067
2015,11,5,0.25,2.8035,269.6102
2015,11,5,0.5,2.7817,271.5457
2015,11,5,0.75,2.7632,273.5095
2015,11,5,1,2.7479,275.4974
2015,11,5,1.25,2.798,277.5374
2015,11,5,1.5,2.8516,279.5032
2015,11,5,1.75,2.9084,281.3944
2015,11,5,2,2.9682,283.2113
2015,11,5,2.25,2.9735,285.1606
2015,11,5,2.5,2.9823,287.1008
2015,11,5,2.75,2.9945,289.0273
2015,11,5,3,3.01,290.9362
2015,11,5,3.25,2.9981,293.4713
2015,11,5,3.5,2.9921,296.0215
2015,11,5,3.75,2.9921,298.5769
2015,11,5,4,2.9981,301.1272
2015,11,5,4.25,3.0243,303.3007
2015,11,5,4.5,3.0548,305.4339
2015,11,5,4.75,3.0895,307.522
2015,11,5,5,3.1282,309.5612
2015,11,5,5.25,3.1882,310.6241
2015,11,5,5.5,3.2493,311.6473
2015,11,5,5.75,3.3114,312.6325
2015,11,5,6,3.3745,313.5811
2015,11,5,6.25,3.4669,313.5875
2015,11,5,6.5,3.5593,313.5936
2015,11,5,6.75,3.6518,313.5993
2015,11,5,7,3.7442,313.6048
2015,11,5,7.25,3.8605,313.4643
2015,11,5,7.5,3.9767,313.3321
2015,11,5,7.75,4.093,313.2073
2015,11,5,8,4.2093,313.0895
2015,11,5,8.25,4.2926,312.7978
2015,11,5,8.5,4.376,312.5172
2015,11,5,8.75,4.4595,312.2472
2015,11,5,9,4.5431,311.987
2015,11,5,9.25,4.5548,311.6753
2015,11,5,9.5,4.5667,311.3652
2015,11,5,9.75,4.5787,311.0568
2015,11,5,10,4.5908,310.7499
2015,11,5,10.25,4.5062,310.5502
2015,11,5,10.5,4.4216,310.3429
2015,11,5,10.75,4.337,310.1275
2015,11,5,11,4.2525,309.9035
2015,11,5,11.25,4.1016,310.0868
2015,11,5,11.5,3.9507,310.2841
2015,11,5,11.75,3.7999,310.497
2015,11,5,12,3.6491,310.7275
2015,11,5,12.25,3.5993,311.2147
2015,11,5,12.5,3.5497,311.7154
2015,11,5,12.75,3.5004,312.2304
2015,11,5,13,3.4514,312.7599
2015,11,5,13.25,3.4293,313.3392
2015,11,5,13.5,3.4076,313.9258
2015,11,5,13.75,3.3862,314.5199
2015,11,5,14,3.3651,315.1215
2015,11,5,14.25,3.3178,315.6935
2015,11,5,14.5,3.2708,316.282
2015,11,5,14.75,3.2241,316.8876
2015,11,5,15,3.1778,317.5109
2015,11,5,15.25,3.1317,318.0003
2015,11,5,15.5,3.0859,318.5044
2015,11,5,15.75,3.0404,319.0236
2015,11,5,16,2.9951,319.5586
2015,11,5,16.25,2.9626,319.7021
2015,11,5,16.5,2.9302,319.8488
2015,11,5,16.75,2.8978,319.9989
2015,11,5,17,2.8654,320.1523
2015,11,5,17.25,2.8381,320.1511
2015,11,5,17.5,2.8108,320.1499
2015,11,5,17.75,2.7835,320.1487
2015,11,5,18,2.7561,320.1474
2015,11,5,18.25,2.7155,320.1392
2015,11,5,18.5,2.6748,320.1307
2015,11,5,18.75,2.6342,320.1219
2015,11,5,19,2.5935,320.1129
2015,11,5,19.25,2.5166,320.1915
2015,11,5,19.5,2.4397,320.2749
2015,11,5,19.75,2.3629,320.3639
2015,11,5,20,2.286,320.4588
2015,11,5,20.25,2.1643,320.2747
2015,11,5,20.5,2.0427,320.0687
2015,11,5,20.75,1.921,319.8367
2015,11,5,21,1.7994,319.5732
2015,11,5,21.25,1.6779,319.0015
2015,11,5,21.5,1.5566,318.3406
2015,11,5,21.75,1.4356,317.568
2015,11,5,22,1.3148,316.6534
2015,11,5,22.25,1.2404,315.9308
2015,11,5,22.5,1.1662,315.1163
2015,11,5,22.75,1.0923,314.1912
2015,11,5,23,1.0188,313.1323
2015,11,5,23.25,1.0005,313.0901
2015,11,5,23.5,0.9823,313.0465
2015,11,5,23.75,0.9641,313.0012
2015,11,5,24,0.9459,312.954
2015,11,6,0.25,0.9494,314.635
2015,11,6,0.5,0.9536,316.3022
2015,11,6,0.75,0.9587,317.9531
2015,11,6,1,0.9646,319.5854
2015,11,6,1.25,0.9864,323.602
2015,11,6,1.5,1.0129,327.4264
2015,11,6,1.75,1.0437,331.0407
2015,11,6,2,1.0784,334.4354
2015,11,6,2.25,1.1446,339.3943
2015,11,6,2.5,1.2184,343.7822
2015,11,6,2.75,1.2985,347.6492
2015,11,6,3,1.3838,351.0532
2015,11,6,3.25,1.4787,353.5774
2015,11,6,3.5,1.576,355.7938
2015,11,6,3.75,1.6754,357.7497
2015,11,6,4,1.7766,359.4847
2015,11,6,4.25,1.8259,359.908
2015,11,6,4.5,1.8753,0.309
2015,11,6,4.75,1.9248,0.6894
2015,11,6,5,1.9743,1.0507
2015,11,6,5.25,1.9813,0.7987
2015,11,6,5.5,1.9882,0.5485
2015,11,6,5.75,1.9953,0.2999
2015,11,6,6,2.0023,0.0532
2015,11,6,6.25,1.9948,359.6395
2015,11,6,6.5,1.9874,359.2227
2015,11,6,6.75,1.9801,358.8028
2015,11,6,7,1.9729,358.3798
2015,11,6,7.25,1.9376,357.8494
2015,11,6,7.5,1.9025,357.2994
2015,11,6,7.75,1.8676,356.7288
2015,11,6,8,1.8328,356.1365
2015,11,6,8.25,1.7636,355.6554
2015,11,6,8.5,1.6946,355.1352
2015,11,6,8.75,1.6256,354.5707
2015,11,6,9,1.5569,353.9563
2015,11,6,9.25,1.429,353.0061
2015,11,6,9.5,1.3015,351.8695
2015,11,6,9.75,1.1746,350.4867
2015,11,6,10,1.0486,348.7704
2015,11,6,10.25,0.9237,346.7894
2015,11,6,10.5,0.8003,344.1935
2015,11,6,10.75,0.6791,340.6613
2015,11,6,11,0.5616,335.6242
2015,11,6,11.25,0.4952,334.4575
2015,11,6,11.5,0.429,332.9305
2015,11,6,11.75,0.3633,330.849
2015,11,6,12,0.2983,327.8544
2015,11,6,12.25,0.2492,321.2599
2015,11,6,12.5,0.2049,311.635
2015,11,6,12.75,0.1693,297.3926
2015,11,6,13,0.1489,277.5987
2015,11,6,13.25,0.1328,267.8744
2015,11,6,13.5,0.1215,255.9359
2015,11,6,13.75,0.1164,242.2867
2015,11,6,14,0.1183,228.2533
2015,11,6,14.25,0.1121,243.3542
2015,11,6,14.5,0.1142,259.0085
2015,11,6,14.75,0.1242,273.0994
2015,11,6,15,0.1404,284.5166
2015,11,6,15.25,0.2273,294.4272
2015,11,6,15.5,0.3172,298.7982
2015,11,6,15.75,0.408,301.2314
2015,11,6,16,0.4994,302.7764
2015,11,6,16.25,0.6322,300.0702
2015,11,6,16.5,0.766,298.3061
2015,11,6,16.75,0.9002,297.0673
2015,11,6,17,1.0348,296.1503
2015,11,6,17.25,1.1589,295.0717
2015,11,6,17.5,1.2833,294.202
2015,11,6,17.75,1.408,293.4861
2015,11,6,18,1.5328,292.8868
2015,11,6,18.25,1.5881,293.4557
2015,11,6,18.5,1.6435,293.9863
2015,11,6,18.75,1.6991,294.4821
2015,11,6,19,1.7548,294.9466
2015,11,6,19.25,1.741,297.4308
2015,11,6,19.5,1.7306,299.9497
2015,11,6,19.75,1.7236,302.4941
2015,11,6,20,1.72,305.0542
2015,11,6,20.25,1.6858,307.8513
2015,11,6,20.5,1.6558,310.757
2015,11,6,20.75,1.6302,313.7619
2015,11,6,21,1.6092,316.8538
2015,11,6,21.25,1.6033,319.7828
2015,11,6,21.5,1.6017,322.7256
2015,11,6,21.75,1.6042,325.6669
2015,11,6,22,1.6109,328.5912
2015,11,6,22.25,1.6169,329.0668
2015,11,6,22.5,1.6231,329.5388
2015,11,6,22.75,1.6293,330.0073
2015,11,6,23,1.6356,330.4722
2015,11,6,23.25,1.6352,327.7649
2015,11,6,23.5,1.6385,325.0624
2015,11,6,23.75,1.6455,322.3768
2015,11,6,24,1.656,319.7194
2015,11,7,0.25,1.6721,317.6619
2015,11,7,0.5,1.6904,315.6462
2015,11,7,0.75,1.7107,313.6761
2015,11,7,1,1.733,311.7544
2015,11,7,1.25,1.8366,313.2722
2015,11,7,1.5,1.9413,314.6272
2015,11,7,1.75,2.0469,315.8429
2015,11,7,2,2.1534,316.9388
2015,11,7,2.25,2.2053,320.5472
2015,11,7,2.5,2.2656,323.9767
2015,11,7,2.75,2.3335,327.2177
2015,11,7,3,2.4084,330.2663
2015,11,7,3.25,2.471,333.3124
2015,11,7,3.5,2.5401,336.2004
2015,11,7,3.75,2.6154,338.9288
2015,11,7,4,2.6963,341.499
2015,11,7,4.25,2.713,343.531
2015,11,7,4.5,2.7331,345.5355
2015,11,7,4.75,2.7565,347.5084
2015,11,7,5,2.7831,349.4459
2015,11,7,5.25,2.7408,351.0487
2015,11,7,5.5,2.7007,352.7003
2015,11,7,5.75,2.663,354.4003
2015,11,7,6,2.6277,356.1475
2015,11,7,6.25,2.5535,357.7425
2015,11,7,6.5,2.4815,359.4315
2015,11,7,6.75,2.4117,1.2198
2015,11,7,7,2.3444,3.1127
2015,11,7,7.25,2.2165,4.1077
2015,11,7,7.5,2.0893,5.2241
2015,11,7,7.75,1.963,6.4848
2015,11,7,8,1.8377,7.918
2015,11,7,8.25,1.6716,8.1399
2015,11,7,8.5,1.5055,8.4107
2015,11,7,8.75,1.3394,8.7486
2015,11,7,9,1.1734,9.1822
2015,11,7,9.25,1.0454,7.7107
2015,11,7,9.5,0.9182,5.83
2015,11,7,9.75,0.7923,3.3482
2015,11,7,10,0.6685,359.9384
2015,11,7,10.25,0.6267,0.9195
2015,11,7,10.5,0.585,2.0405
2015,11,7,10.75,0.5437,3.3327
2015,11,7,11,0.5026,4.8368
2015,11,7,11.25,0.4786,7.0828
2015,11,7,11.5,0.4554,9.5619
2015,11,7,11.75,0.4331,12.3015
2015,11,7,12,0.4119,15.3302
2015,11,7,12.25,0.4046,19.8217
2015,11,7,12.5,0.3999,24.4489
2015,11,7,12.75,0.3978,29.1557
2015,11,7,13,0.3984,33.8801
2015,11,7,13.25,0.4368,36.105
2015,11,7,13.5,0.4757,37.968
2015,11,7,13.75,0.5151,39.5476
2015,11,7,14,0.5548,40.9022
2015,11,7,14.25,0.62,40.7001
2015,11,7,14.5,0.6851,40.5366
2015,11,7,14.75,0.7503,40.4014
2015,11,7,15,0.8154,40.2877
2015,11,7,15.25,0.8782,40.0736
2015,11,7,15.5,0.941,39.888
2015,11,7,15.75,1.0039,39.7256
2015,11,7,16,1.0667,39.5824
2015,11,7,16.25,1.1276,38.7537
2015,11,7,16.5,1.1886,38.0101
2015,11,7,16.75,1.2499,37.3393
2015,11,7,17,1.3113,36.7312
2015,11,7,17.25,1.3891,35.6487
2015,11,7,17.5,1.4673,34.6814
2015,11,7,17.75,1.546,33.8123
2015,11,7,18,1.6249,33.0274
2015,11,7,18.25,1.7151,32.1348
2015,11,7,18.5,1.8057,31.3315
2015,11,7,18.75,1.8966,30.6052
2015,11,7,19,1.9878,29.9453
2015,11,7,19.25,2.0925,29.4995
2015,11,7,19.5,2.1973,29.0962
2015,11,7,19.75,2.3022,28.7295
2015,11,7,20,2.4072,28.3949
2015,11,7,20.25,2.5131,28.6185
2015,11,7,20.5,2.6191,28.8239
2015,11,7,20.75,2.7251,29.0134
2015,11,7,21,2.8312,29.1887
2015,11,7,21.25,2.9389,29.9873
2015,11,7,21.5,3.0472,30.7292
2015,11,7,21.75,3.156,31.4202
2015,11,7,22,3.2652,32.0649
2015,11,7,22.25,3.348,33.3513
2015,11,7,22.5,3.4323,34.575
2015,11,7,22.75,3.5182,35.7395
2015,11,7,23,3.6054,36.8482
2015,11,7,23.25,3.6368,38.4281
2015,11,7,23.5,3.6709,39.9798
2015,11,7,23.75,3.7076,41.5019
2015,11,7,24,3.7469,42.9931
2015,11,8,0.25,3.7691,44.5924
2015,11,8,0.5,3.7941,46.1718
2015,11,8,0.75,3.8219,47.7293
2015,11,8,1,3.8526,49.2632
2015,11,8,1.25,3.9575,50.7282
2015,11,8,1.5,4.0648,52.1166
2015,11,8,1.75,4.1745,53.4329
2015,11,8,2,4.2862,54.6812
2015,11,8,2.25,4.3368,55.7278
2015,11,8,2.5,4.3888,56.75
2015,11,8,2.75,4.4421,57.7479
2015,11,8,3,4.4968,58.7219
2015,11,8,3.25,4.4945,59.9454
2015,11,8,3.5,4.4943,61.1696
2015,11,8,3.75,4.4961,62.3933
2015,11,8,4,4.4999,63.6155
2015,11,8,4.25,4.44,64.7362
2015,11,8,4.5,4.3818,65.8871
2015,11,8,4.75,4.3255,67.0684
2015,11,8,5,4.271,68.2804
2015,11,8,5.25,4.182,69.1761
2015,11,8,5.5,4.0941,70.1105
2015,11,8,5.75,4.0073,71.0857
2015,11,8,6,3.9217,72.1037
2015,11,8,6.25,3.8509,72.5014
2015,11,8,6.5,3.7803,72.9139
2015,11,8,6.75,3.7099,73.3421
2015,11,8,7,3.6398,73.7868
2015,11,8,7.25,3.5491,74.1588
2015,11,8,7.5,3.4586,74.5502
2015,11,8,7.75,3.3682,74.9627
2015,11,8,8,3.2781,75.3979
2015,11,8,8.25,3.1492,75.6547
2015,11,8,8.5,3.0204,75.9335
2015,11,8,8.75,2.8917,76.2371
2015,11,8,9,2.7631,76.569
2015,11,8,9.25,2.5899,77.3917
2015,11,8,9.5,2.4172,78.3322
2015,11,8,9.75,2.2454,79.4169
2015,11,8,10,2.0744,80.681
2015,11,8,10.25,1.9665,81.7599
2015,11,8,10.5,1.8593,82.9637
2015,11,8,10.75,1.753,84.3142
2015,11,8,11,1.6479,85.8379
2015,11,8,11.25,1.5369,88.0226
2015,11,8,11.5,1.4285,90.543
2015,11,8,11.75,1.3233,93.4706
2015,11,8,12,1.2221,96.8929
2015,11,8,12.25,1.1682,99.8525
2015,11,8,12.5,1.1177,103.0888
2015,11,8,12.75,1.0711,106.619
2015,11,8,13,1.0289,110.4544
2015,11,8,13.25,1.0008,111.5668
2015,11,8,13.5,0.9732,112.7429
2015,11,8,13.75,0.9459,113.9873
2015,11,8,14,0.9192,115.3048
2015,11,8,14.25,0.8961,117.3182
2015,11,8,14.5,0.8742,119.4351
2015,11,8,14.75,0.8536,121.6576
2015,11,8,15,0.8343,123.9866
2015,11,8,15.25,0.8327,127.7826
2015,11,8,15.5,0.8348,131.5761
2015,11,8,15.75,0.8406,135.3341
2015,11,8,16,0.8499,139.0253
2015,11,8,16.25,0.9142,141.901
2015,11,8,16.5,0.9804,144.3936
2015,11,8,16.75,1.0483,146.5671
2015,11,8,17,1.1175,148.4739
2015,11,8,17.25,1.2307,150.0244
2015,11,8,17.5,1.3446,151.3129
2015,11,8,17.75,1.4591,152.3996
2015,11,8,18,1.5741,153.3279
2015,11,8,18.25,1.6899,153.2101
2015,11,8,18.5,1.8056,153.1074
2015,11,8,18.75,1.9214,153.017
2015,11,8,19,2.0372,152.9369
2015,11,8,19.25,2.1013,152.2036
2015,11,8,19.5,2.1657,151.5139
2015,11,8,19.75,2.2305,150.8641
2015,11,8,20,2.2955,150.251
2015,11,8,20.25,2.2868,150.0374
2015,11,8,20.5,2.2782,149.8223
2015,11,8,20.75,2.2695,149.6054
2015,11,8,21,2.261,149.387
2015,11,8,21.25,2.2006,150.8558
2015,11,8,21.5,2.1417,152.4065
2015,11,8,21.75,2.0845,154.0435
2015,11,8,22,2.0292,155.7713
2015,11,8,22.25,1.9491,159.16
2015,11,8,22.5,1.8764,162.8249
2015,11,8,22.75,1.8121,166.7673
2015,11,8,23,1.7569,170.9786
2015,11,8,23.25,1.7257,175.7143
2015,11,8,23.5,1.7068,180.5892
2015,11,8,23.75,1.7004,185.5367
2015,11,8,24,1.7068,190.4843
2015,11,9,0.25,1.712,194.2586
2015,11,9,0.5,1.7245,197.994
2015,11,9,0.75,1.7442,201.6603
2015,11,9,1,1.7709,205.2303
2015,11,9,1.25,1.8338,208.305
2015,11,9,1.5,1.9016,211.1682
2015,11,9,1.75,1.9738,213.8282
2015,11,9,2,2.0499,216.2956
2015,11,9,2.25,2.0955,217.6572
2015,11,9,2.5,2.1421,218.9602
2015,11,9,2.75,2.1899,220.207
2015,11,9,3,2.2386,221.4
2015,11,9,3.25,2.3476,222.018
2015,11,9,3.5,2.4568,222.5812
2015,11,9,3.75,2.5663,223.0963
2015,11,9,4,2.6759,223.5693
2015,11,9,4.25,2.8413,223.2136
2015,11,9,4.5,3.0068,222.897
2015,11,9,4.75,3.1724,222.6135
2015,11,9,5,3.338,222.3581
2015,11,9,5.25,3.475,222.4113
2015,11,9,5.5,3.612,222.4604
2015,11,9,5.75,3.749,222.5059
2015,11,9,6,3.886,222.5482
2015,11,9,6.25,3.9835,222.7275
2015,11,9,6.5,4.081,222.8983
2015,11,9,6.75,4.1786,223.0611
2015,11,9,7,4.2762,223.2164
2015,11,9,7.25,4.3304,223.3343
2015,11,9,7.5,4.3846,223.4494
2015,11,9,7.75,4.4388,223.5616
2015,11,9,8,4.493,223.6711
2015,11,9,8.25,4.519,225.0663
2015,11,9,8.5,4.5475,226.4448
2015,11,9,8.75,4.5787,227.8054
2015,11,9,9,4.6124,229.1468
2015,11,9,9.25,4.6122,230.6296
2015,11,9,9.5,4.6151,232.1117
2015,11,9,9.75,4.6211,233.5908
2015,11,9,10,4.6301,235.0652
2015,11,9,10.25,4.557,235.9398
2015,11,9,10.5,4.485,236.8427
2015,11,9,10.75,4.4141,237.7749
2015,11,9,11,4.3445,238.7372
2015,11,9,11.25,4.1983,239.1073
2015,11,9,11.5,4.0522,239.504
2015,11,9,11.75,3.9064,239.9304
2015,11,9,12,3.7608,240.3899
2015,11,9,12.25,3.7185,240.9906
2015,11,9,12.5,3.6767,241.6052
2015,11,9,12.75,3.6352,242.2338
2015,11,9,13,3.5942,242.8768
2015,11,9,13.25,3.5871,243.25
2015,11,9,13.5,3.5802,243.6247
2015,11,9,13.75,3.5735,244.0007
2015,11,9,14,3.5668,244.3782
2015,11,9,14.25,3.5429,244.2874
2015,11,9,14.5,3.5189,244.1953
2015,11,9,14.75,3.495,244.1019
2015,11,9,15,3.471,244.0072
2015,11,9,15.25,3.4712,244.042
2015,11,9,15.5,3.4714,244.0767
2015,11,9,15.75,3.4717,244.1115
2015,11,9,16,3.4719,244.1462
2015,11,9,16.25,3.4587,244.6023
2015,11,9,16.5,3.4457,245.0619
2015,11,9,16.75,3.4329,245.5249
2015,11,9,17,3.4204,245.9913
2015,11,9,17.25,3.4111,246.4718
2015,11,9,17.5,3.4019,246.9548
2015,11,9,17.75,3.3931,247.4404
2015,11,9,18,3.3844,247.9286
2015,11,9,18.25,3.3792,248.2671
2015,11,9,18.5,3.3741,248.6067
2015,11,9,18.75,3.3691,248.9474
2015,11,9,19,3.3642,249.289
2015,11,9,19.25,3.3631,249.3398
2015,11,9,19.5,3.3621,249.3907
2015,11,9,19.75,3.3611,249.4415
2015,11,9,20,3.36,249.4925
2015,11,9,20.25,3.3493,249.7476
2015,11,9,20.5,3.3387,250.0043
2015,11,9,20.75,3.3281,250.2627
2015,11,9,21,3.3176,250.5227
2015,11,9,21.25,3.2859,251.1934
2015,11,9,21.5,3.2547,251.8771
2015,11,9,21.75,3.2239,252.5739
2015,11,9,22,3.1935,253.2841
2015,11,9,22.25,3.1678,254.2153
2015,11,9,22.5,3.1429,255.1616
2015,11,9,22.75,3.1188,256.1227
2015,11,9,23,3.0957,257.0984
2015,11,9,23.25,3.0741,258.453
2015,11,9,23.5,3.0542,259.826
2015,11,9,23.75,3.0362,261.216
2015,11,9,24,3.0199,262.622
2015,11,10,0.25,2.9673,263.7189
2015,11,10,0.5,2.9159,264.8549
2015,11,10,0.75,2.8657,266.0312
2015,11,10,1,2.8167,267.249
2015,11,10,1.25,2.849,268.199
2015,11,10,1.5,2.882,269.1274
2015,11,10,1.75,2.9158,270.0345
2015,11,10,2,2.9503,270.9206
2015,11,10,2.25,2.9813,270.4373
2015,11,10,2.5,3.0125,269.9641
2015,11,10,2.75,3.0438,269.5005
2015,11,10,3,3.0754,269.0464
2015,11,10,3.25,3.1056,268.3238
2015,11,10,3.5,3.1362,267.6152
2015,11,10,3.75,3.1674,266.9204
2015,11,10,4,3.199,266.2392
2015,11,10,4.25,3.2531,266.0016
2015,11,10,4.5,3.3073,265.7717
2015,11,10,4.75,3.3615,265.5492
2015,11,10,5,3.4158,265.3338
2015,11,10,5.25,3.5012,265.5206
2015,11,10,5.5,3.5866,265.6985
2015,11,10,5.75,3.672,265.8681
2015,11,10,6,3.7575,266.03
2015,11,10,6.25,3.848,266.8817
2015,11,10,6.5,3.9392,267.6942
2015,11,10,6.75,4.0312,268.4697
2015,11,10,7,4.124,269.2105
2015,11,10,7.25,4.2124,270.1577
2015,11,10,7.5,4.3019,271.0658
2015,11,10,7.75,4.3924,271.9366
2015,11,10,8,4.4839,272.7721
2015,11,10,8.25,4.539,273.9476
2015,11,10,8.5,4.596,275.0945
2015,11,10,8.75,4.6547,276.2129
2015,11,10,9,4.7152,277.303
2015,11,10,9.25,4.7092,278.4192
2015,11,10,9.5,4.7049,279.5377
2015,11,10,9.75,4.7025,280.6579
2015,11,10,10,4.7018,281.7788
2015,11,10,10.25,4.5804,282.6421
2015,11,10,10.5,4.4602,283.5521
2015,11,10,10.75,4.3411,284.5123
2015,11,10,11,4.2233,285.5264
2015,11,10,11.25,4.0406,286.4323
2015,11,10,11.5,3.859,287.4237
2015,11,10,11.75,3.6786,288.5127
2015,11,10,12,3.4998,289.7135
2015,11,10,12.25,3.4515,290.8501
2015,11,10,12.5,3.4046,292.0185
2015,11,10,12.75,3.3592,293.219
2015,11,10,13,3.3153,294.4518
2015,11,10,13.25,3.2692,295.6043
2015,11,10,13.5,3.2244,296.7893
2015,11,10,13.75,3.1811,298.0071
2015,11,10,14,3.1393,299.258
2015,11,10,14.25,3.1006,299.3753
2015,11,10,14.5,3.0619,299.4956
2015,11,10,14.75,3.0232,299.619
2015,11,10,15,2.9845,299.7456
2015,11,10,15.25,2.9662,298.8581
2015,11,10,15.5,2.9485,297.9597
2015,11,10,15.75,2.9317,297.0508
2015,11,10,16,2.9155,296.1316
2015,11,10,16.25,2.9273,295.3207
2015,11,10,16.5,2.9397,294.5165
2015,11,10,16.75,2.9526,293.7192
2015,11,10,17,2.9661,292.929
2015,11,10,17.25,3.0009,292.5083
2015,11,10,17.5,3.0359,292.0972
2015,11,10,17.75,3.071,291.6955
2015,11,10,18,3.1062,291.3029
2015,11,10,18.25,3.1431,291.2828
2015,11,10,18.5,3.18,291.2631
2015,11,10,18.75,3.2169,291.2438
2015,11,10,19,3.2539,291.225
2015,11,10,19.25,3.2607,291.3084
2015,11,10,19.5,3.2675,291.3914
2015,11,10,19.75,3.2744,291.4741
2015,11,10,20,3.2812,291.5565
2015,11,10,20.25,3.2501,291.2441
2015,11,10,20.5,3.2191,290.9256
2015,11,10,20.75,3.1882,290.601
2015,11,10,21,3.1573,290.27
2015,11,10,21.25,3.1104,289.8496
2015,11,10,21.5,3.0637,289.4163
2015,11,10,21.75,3.0171,288.9696
2015,11,10,22,2.9707,288.5089
2015,11,10,22.25,2.9166,288.1662
2015,11,10,22.5,2.8626,287.8106
2015,11,10,22.75,2.8087,287.4412
2015,11,10,23,2.755,287.0575
2015,11,10,23.25,2.7017,286.5856
2015,11,10,23.5,2.6486,286.0947
2015,11,10,23.75,2.5958,285.5838
2015,11,10,24,2.5431,285.0517
2015,11,11,0.25,2.4755,284.5402
2015,11,11,0.5,2.4082,284.0001
2015,11,11,0.75,2.341,283.4289
2015,11,11,1,2.2741,282.8241
2015,11,11,1.25,2.3011,281.8088
2015,11,11,1.5,2.3289,280.8175
2015,11,11,1.75,2.3573,279.8498
2015,11,11,2,2.3864,278.9054
2015,11,11,2.25,2.4309,277.8347
2015,11,11,2.5,2.4763,276.8028
2015,11,11,2.75,2.5224,275.8084
2015,11,11,3,2.5692,274.85
2015,11,11,3.25,2.5509,274.2112
2015,11,11,3.5,2.5329,273.5633
2015,11,11,3.75,2.5152,272.9062
2015,11,11,4,2.4978,272.2399
2015,11,11,4.25,2.4264,270.681
2015,11,11,4.5,2.3569,269.0288
2015,11,11,4.75,2.2894,267.2778
2015,11,11,5,2.2242,265.4223
2015,11,11,5.25,2.1346,261.0804
2015,11,11,5.5,2.0583,256.3877
2015,11,11,5.75,1.9968,251.3704
2015,11,11,6,1.9515,246.0778
2015,11,11,6.25,1.975,238.2672
2015,11,11,6.5,2.0339,230.7749
2015,11,11,6.75,2.1254,223.8156
2015,11,11,7,2.2454,217.5145
2015,11,11,7.25,2.4183,213.5227
2015,11,11,7.5,2.6014,210.0778
2015,11,11,7.75,2.7926,207.095
2015,11,11,8,2.9904,204.5005
2015,11,11,8.25,3.1183,203.8138
2015,11,11,8.5,3.2467,203.1813
2015,11,11,8.75,3.3755,202.597
2015,11,11,9,3.5045,202.0557
2015,11,11,9.25,3.5211,200.4573
2015,11,11,9.5,3.5405,198.8752
2015,11,11,9.75,3.5625,197.3115
2015,11,11,10,3.5871,195.768
2015,11,11,10.25,3.5884,193.8477
2015,11,11,10.5,3.5937,191.931
2015,11,11,10.75,3.603,190.022
2015,11,11,11,3.6163,188.1249
2015,11,11,11.25,3.543,186.3721
2015,11,11,11.5,3.4732,184.5472
2015,11,11,11.75,3.4071,182.6494
2015,11,11,12,3.3448,180.6787
2015,11,11,12.25,3.343,179.3517
2015,11,11,12.5,3.343,178.0241
2015,11,11,12.75,3.3448,176.6971
2015,11,11,13,3.3484,175.3723
2015,11,11,13.25,3.397,174.7759
2015,11,11,13.5,3.446,174.1963
2015,11,11,13.75,3.4953,173.6331
2015,11,11,14,3.5449,173.0856
2015,11,11,14.25,3.5544,173.0991
2015,11,11,14.5,3.5638,173.1126
2015,11,11,14.75,3.5733,173.126
2015,11,11,15,3.5827,173.1394
2015,11,11,15.25,3.5595,173.4182
2015,11,11,15.5,3.5364,173.7006
2015,11,11,15.75,3.5134,173.9868
2015,11,11,16,3.4905,174.2767
2015,11,11,16.25,3.4349,174.6112
2015,11,11,16.5,3.3795,174.9566
2015,11,11,16.75,3.3242,175.3135
2015,11,11,17,3.269,175.6825
2015,11,11,17.25,3.2113,175.6362
2015,11,11,17.5,3.1537,175.5883
2015,11,11,17.75,3.096,175.5385
2015,11,11,18,3.0384,175.4869
2015,11,11,18.25,2.9923,175.4355
2015,11,11,18.5,2.9462,175.3824
2015,11,11,18.75,2.9002,175.3276
2015,11,11,19,2.8541,175.2711
2015,11,11,19.25,2.8093,175.2718
2015,11,11,19.5,2.7645,175.2725
2015,11,11,19.75,2.7198,175.2732
2015,11,11,20,2.675,175.2739
2015,11,11,20.25,2.6191,174.4591
2015,11,11,20.5,2.5638,173.6088
2015,11,11,20.75,2.509,172.7213
2015,11,11,21,2.4549,171.7944
2015,11,11,21.25,2.4067,170.9657
2015,11,11,21.5,2.3591,170.1034
2015,11,11,21.75,2.312,169.2057
2015,11,11,22,2.2654,168.2709
2015,11,11,22.25,2.2269,168.5971
2015,11,11,22.5,2.1885,168.9347
2015,11,11,22.75,2.1502,169.2844
2015,11,11,23,2.1119,169.6467
2015,11,11,23.25,2.0606,169.8297
2015,11,11,23.5,2.0092,170.022
2015,11,11,23.75,1.9579,170.2245
2015,11,11,24,1.9066,170.4378
2015,11,12,0.25,1.8714,170.453
2015,11,12,0.5,1.8361,170.4688
2015,11,12,0.75,1.8009,170.4852
2015,11,12,1,1.7657,170.5022
2015,11,12,1.25,1.7694,169.3032
2015,11,12,1.5,1.7738,168.1098
2015,11,12,1.75,1.779,166.9228
2015,11,12,2,1.785,165.7433
2015,11,12,2.25,1.8593,166.3841
2015,11,12,2.5,1.9339,166.9756
2015,11,12,2.75,2.0086,167.5231
2015,11,12,3,2.0835,168.0314
2015,11,12,3.25,2.1278,171.6451
2015,11,12,3.5,2.1802,175.0984
2015,11,12,3.75,2.2401,178.3784
2015,11,12,4,2.307,181.478
2015,11,12,4.25,2.3463,185.4692
2015,11,12,4.5,2.3965,189.311
2015,11,12,4.75,2.4571,192.9793
2015,11,12,5,2.5272,196.4577
2015,11,12,5.25,2.5863,200.3221
2015,11,12,5.5,2.6565,203.998
2015,11,12,5.75,2.7371,207.4711
2015,11,12,6,2.8272,210.7343
2015,11,12,6.25,2.8917,213.943
2015,11,12,6.5,2.9648,217.0027
2015,11,12,6.75,3.0459,219.9073
2015,11,12,7,3.1345,222.6545
2015,11,12,7.25,3.1923,225.2348
2015,11,12,7.5,3.2564,227.7184
2015,11,12,7.75,3.3264,230.1019
2015,11,12,8,3.4018,232.3834
2015,11,12,8.25,3.4252,234.0339
2015,11,12,8.5,3.4514,235.6608
2015,11,12,8.75,3.4803,237.2619
2015,11,12,9,3.5119,238.8353
2015,11,12,9.25,3.5137,239.6247
2015,11,12,9.5,3.5161,240.4131
2015,11,12,9.75,3.5191,241.2003
2015,11,12,10,3.5229,241.986
2015,11,12,10.25,3.4392,242.7727
2015,11,12,10.5,3.3562,243.5984
2015,11,12,10.75,3.274,244.4658
2015,11,12,11,3.1925,245.3776
2015,11,12,11.25,3.1232,245.9156
2015,11,12,11.5,3.0541,246.4779
2015,11,12,11.75,2.9854,247.0661
2015,11,12,12,2.917,247.682
2015,11,12,12.25,2.8647,247.9161
2015,11,12,12.5,2.8125,248.1589
2015,11,12,12.75,2.7603,248.4108
2015,11,12,13,2.7082,248.6725
2015,11,12,13.25,2.683,248.8521
2015,11,12,13.5,2.6578,249.0351
2015,11,12,13.75,2.6327,249.2216
2015,11,12,14,2.6076,249.4117
2015,11,12,14.25,2.5819,249.9185
2015,11,12,14.5,2.5565,250.4353
2015,11,12,14.75,2.5312,250.9626
2015,11,12,15,2.5062,251.5004
2015,11,12,15.25,2.4905,252.7671
2015,11,12,15.5,2.4761,254.0493
2015,11,12,15.75,2.4629,255.3458
2015,11,12,16,2.451,256.6556
2015,11,12,16.25,2.4645,258.5195
2015,11,12,16.5,2.4806,260.3612
2015,11,12,16.75,2.4991,262.1773
2015,11,12,17,2.5202,263.9649
2015,11,12,17.25,2.5652,266.0508
2015,11,12,17.5,2.6135,268.0622
2015,11,12,17.75,2.665,269.9983
2015,11,12,18,2.7193,271.859
2015,11,12,18.25,2.7821,273.751
2015,11,12,18.5,2.8478,275.5576
2015,11,12,18.75,2.9162,277.2811
2015,11,12,19,2.9871,278.9242
2015,11,12,19.25,3.0363,280.4919
2015,11,12,19.5,3.0876,282.0086
2015,11,12,19.75,3.141,283.4747
2015,11,12,20,3.1964,284.8909
2015,11,12,20.25,3.1891,286.3969
2015,11,12,20.5,3.1839,287.9089
2015,11,12,20.75,3.181,289.4246
2015,11,12,21,3.1803,290.9421
2015,11,12,21.25,3.1407,292.72
2015,11,12,21.5,3.1043,294.5415
2015,11,12,21.75,3.071,296.4044
2015,11,12,22,3.041,298.3061
2015,11,12,22.25,2.9942,300.4235
2015,11,12,22.5,2.9516,302.6052
2015,11,12,22.75,2.9134,304.8474
2015,11,12,23,2.8798,307.1455
2015,11,12,23.25,2.8373,309.4332
2015,11,12,23.5,2.7993,311.7868
2015,11,12,23.75,2.7663,314.2008
2015,11,12,24,2.7382,316.6687
2015,11,13,0.25,2.6968,319.0992
2015,11,13,0.5,2.6604,321.6009
2015,11,13,0.75,2.6292,324.167
2015,11,13,1,2.6034,326.7893
2015,11,13,1.25,2.6512,328.9244
2015,11,13,1.5,2.7026,330.9809
2015,11,13,1.75,2.7574,332.9583
2015,11,13,2,2.8153,334.8564
2015,11,13,2.25,2.8157,336.3685
2015,11,13,2.5,2.818,337.8792
2015,11,13,2.75,2.8222,339.3864
2015,11,13,3,2.8284,340.8879
2015,11,13,3.25,2.8261,341.8028
2015,11,13,3.5,2.8245,342.7189
2015,11,13,3.75,2.8236,343.6359
2015,11,13,4,2.8234,344.5532
2015,11,13,4.25,2.776,345.3759
2015,11,13,4.5,2.7292,346.2271
2015,11,13,4.75,2.683,347.1078
2015,11,13,5,2.6375,348.0192
2015,11,13,5.25,2.5297,348.488
2015,11,13,5.5,2.4221,348.9985
2015,11,13,5.75,2.3147,349.5564
2015,11,13,6,2.2075,350.1685
2015,11,13,6.25,2.0905,348.6109
2015,11,13,6.5,1.9753,346.8702
2015,11,13,6.75,1.8621,344.9158
2015,11,13,7,1.7514,342.7114
2015,11,13,7.25,1.7303,337.4774
2015,11,13,7.5,1.724,332.16
2015,11,13,7.75,1.7325,326.8492
2015,11,13,8,1.7557,321.6348
2015,11,13,8.25,1.8083,315.6455
2015,11,13,8.5,1.8794,310.052
2015,11,13,8.75,1.9671,304.9112
2015,11,13,9,2.0692,300.243
2015,11,13,9.25,2.0652,297.9266
2015,11,13,9.5,2.0645,295.6051
2015,11,13,9.75,2.0673,293.2858
2015,11,13,10,2.0734,290.9766
2015,11,13,10.25,2.0918,289.55
2015,11,13,10.5,2.1115,288.1493
2015,11,13,10.75,2.1325,286.7752
2015,11,13,11,2.1546,285.4285
2015,11,13,11.25,2.1204,284.6251
2015,11,13,11.5,2.0867,283.7956
2015,11,13,11.75,2.0534,282.9389
2015,11,13,12,2.0205,282.0542
2015,11,13,12.25,2.0632,281.6906
2015,11,13,12.5,2.1059,281.3417
2015,11,13,12.75,2.1487,281.0067
2015,11,13,13,2.1915,280.6848
2015,11,13,13.25,2.2467,281.4853
2015,11,13,13.5,2.3023,282.2473
2015,11,13,13.75,2.3583,282.9732
2015,11,13,14,2.4146,283.6654
2015,11,13,14.25,2.453,284.0098
2015,11,13,14.5,2.4915,284.3435
2015,11,13,14.75,2.5301,284.6671
2015,11,13,15,2.5688,284.981
2015,11,13,15.25,2.5989,284.7599
2015,11,13,15.5,2.6291,284.5438
2015,11,13,15.75,2.6594,284.3327
2015,11,13,16,2.6897,284.1263
2015,11,13,16.25,2.7199,284.3327
2015,11,13,16.5,2.7502,284.5346
2015,11,13,16.75,2.7806,284.7321
2015,11,13,17,2.8109,284.9253
2015,11,13,17.25,2.8457,285.5234
2015,11,13,17.5,2.8807,286.107
2015,11,13,17.75,2.9161,286.6765
2015,11,13,18,2.9517,287.2323
2015,11,13,18.25,3.0201,287.6218
2015,11,13,18.5,3.0886,287.994
2015,11,13,18.75,3.1572,288.35
2015,11,13,19,3.2259,288.6909
2015,11,13,19.25,3.2243,289.231
2015,11,13,19.5,3.223,289.7715
2015,11,13,19.75,3.222,290.3124
2015,11,13,20,3.2213,290.8536
2015,11,13,20.25,3.1153,291.4727
2015,11,13,20.5,3.0098,292.1352
2015,11,13,20.75,2.9048,292.8458
2015,11,13,21,2.8001,293.6097
2015,11,13,21.25,2.6489,294.5567
2015,11,13,21.5,2.4984,295.618
2015,11,13,21.75,2.349,296.8149
2015,11,13,22,2.2007,298.1737
2015,11,13,22.25,2.0605,299.5264
2015,11,13,22.5,1.9216,301.0755
2015,11,13,22.75,1.7844,302.8645
2015,11,13,23,1.6491,304.9491
2015,11,13,23.25,1.4986,307.5781
2015,11,13,23.5,1.3518,310.7858
2015,11,13,23.75,1.2104,314.7583
2015,11,13,24,1.0763,319.7503
2015,11,14,0.25,0.9356,325.5926
2015,11,14,0.5,0.8079,333.3858
2015,11,14,0.75,0.7005,343.8191
2015,11,14,1,0.6239,357.3822
2015,11,14,1.25,0.6009,15.6374
2015,11,14,1.5,0.6399,33.4191
2015,11,14,1.75,0.7311,47.9571
2015,11,14,2,0.8579,58.7497
2015,11,14,2.25,0.9819,63.9208
2015,11,14,2.5,1.1122,67.9074
2015,11,14,2.75,1.2466,71.0466
2015,11,14,3,1.3841,73.5684
2015,11,14,3.25,1.4591,73.5002
2015,11,14,3.5,1.534,73.4385
2015,11,14,3.75,1.6089,73.3827
2015,11,14,4,1.6839,73.3317
2015,11,14,4.25,1.684,73.2333
2015,11,14,4.5,1.6842,73.1349
2015,11,14,4.75,1.6844,73.0366
2015,11,14,5,1.6845,72.9382
2015,11,14,5.25,1.6694,72.6622
2015,11,14,5.5,1.6544,72.3812
2015,11,14,5.75,1.6394,72.095
2015,11,14,6,1.6244,71.8036
2015,11,14,6.25,1.5975,71.0392
2015,11,14,6.5,1.5709,70.2488
2015,11,14,6.75,1.5446,69.4313
2015,11,14,7,1.5186,68.5857
2015,11,14,7.25,1.5038,67.3497
2015,11,14,7.5,1.4897,66.0897
2015,11,14,7.75,1.4763,64.8061
2015,11,14,8,1.4637,63.4999
2015,11,14,8.25,1.435,63.6211
2015,11,14,8.5,1.4063,63.7472
2015,11,14,8.75,1.3777,63.8786
2015,11,14,9,1.349,64.0156
2015,11,14,9.25,1.3222,65.9145
2015,11,14,9.5,1.297,67.8896
2015,11,14,9.75,1.2733,69.9407
2015,11,14,10,1.2513,72.0666
2015,11,14,10.25,1.2408,73.5623
2015,11,14,10.5,1.2311,75.0825
2015,11,14,10.75,1.2223,76.6257
2015,11,14,11,1.2143,78.1902
2015,11,14,11.25,1.2035,79.4635
2015,11,14,11.5,1.1933,80.7593
2015,11,14,11.75,1.1836,82.0769
2015,11,14,12,1.1746,83.4154
2015,11,14,12.25,1.1948,83.5754
2015,11,14,12.5,1.2149,83.7302
2015,11,14,12.75,1.235,83.8799
2015,11,14,13,1.2552,84.0248
2015,11,14,13.25,1.2745,84.0755
2015,11,14,13.5,1.2938,84.1247
2015,11,14,13.75,1.3131,84.1724
2015,11,14,14,1.3324,84.2188
2015,11,14,14.25,1.3162,83.5049
2015,11,14,14.5,1.3002,82.7734
2015,11,14,14.75,1.2844,82.0237
2015,11,14,15,1.2689,81.2556
2015,11,14,15.25,1.2102,79.2001
2015,11,14,15.5,1.1533,76.9386
2015,11,14,15.75,1.0984,74.4467
2015,11,14,16,1.0457,71.6982
2015,11,14,16.25,0.96,66.783
2015,11,14,16.5,0.8826,60.9566
2015,11,14,16.75,0.8161,54.0981
2015,11,14,17,0.7631,46.1594
2015,11,14,17.25,0.7158,36.0227
2015,11,14,17.5,0.6935,24.8564
2015,11,14,17.75,0.6987,13.4132
2015,11,14,18,0.7307,2.5597
2015,11,14,18.25,0.7666,353.0282
2015,11,14,18.5,0.8214,344.5574
2015,11,14,18.75,0.8918,337.2835
2015,11,14,19,0.9744,331.1564
2015,11,14,19.25,1.057,326.6911
2015,11,14,19.5,1.145,322.8921
2015,11,14,19.75,1.2373,319.6474
2015,11,14,20,1.3331,316.8609
2015,11,14,20.25,1.3871,314.7371
2015,11,14,20.5,1.443,312.7752
2015,11,14,20.75,1.5003,310.9613
2015,11,14,21,1.5591,309.2826
2015,11,14,21.25,1.5885,307.932
2015,11,14,21.5,1.6187,306.6312
2015,11,14,21.75,1.6497,305.3787
2015,11,14,22,1.6814,304.1729
2015,11,14,22.25,1.6873,302.6164
2015,11,14,22.5,1.6944,301.0717
2015,11,14,22.75,1.7027,299.5411
2015,11,14,23,1.7122,298.0264
2015,11,14,23.25,1.6877,294.507
2015,11,14,23.5,1.6697,290.8978
2015,11,14,23.75,1.6585,287.225
2015,11,14,24,1.6542,283.5175
2015,11,15,0.25,1.6165,278.6431
2015,11,15,0.5,1.591,273.5746
2015,11,15,0.75,1.5783,268.3831
2015,11,15,1,1.5787,263.151
2015,11,15,1.25,1.6117,259.0906
2015,11,15,1.5,1.6525,255.2119
2015,11,15,1.75,1.7005,251.536
2015,11,15,2,1.7551,248.0751
2015,11,15,2.25,1.7459,251.1446
2015,11,15,2.5,1.7417,254.2378
2015,11,15,2.75,1.7427,257.3366
2015,11,15,3,1.7487,260.423
2015,11,15,3.25,1.798,265.6445
2015,11,15,3.5,1.8614,270.549
2015,11,15,3.75,1.9375,275.0996
2015,11,15,4,2.0249,279.2822
2015,11,15,4.25,2.1651,282.3178
2015,11,15,4.5,2.3106,284.9779
2015,11,15,4.75,2.4605,287.3185
2015,11,15,5,2.614,289.3872
2015,11,15,5.25,2.7872,290.3238
2015,11,15,5.5,2.9612,291.1505
2015,11,15,5.75,3.1357,291.8853
2015,11,15,6,3.3106,292.5426
2015,11,15,6.25,3.4559,292.3994
2015,11,15,6.5,3.6011,292.2677
2015,11,15,6.75,3.7464,292.1462
2015,11,15,7,3.8917,292.0338
2015,11,15,7.25,4.0103,291.8737
2015,11,15,7.5,4.129,291.7229
2015,11,15,7.75,4.2476,291.5805
2015,11,15,8,4.3663,291.4459
2015,11,15,8.25,4.4661,291.7999
2015,11,15,8.5,4.5659,292.1384
2015,11,15,8.75,4.666,292.4624
2015,11,15,9,4.7662,292.7727
2015,11,15,9.25,4.8114,293.5209
2015,11,15,9.5,4.8574,294.2551
2015,11,15,9.75,4.9043,294.9753
2015,11,15,10,4.9518,295.6818
2015,11,15,10.25,4.8855,296.4253
2015,11,15,10.5,4.82,297.189
2015,11,15,10.75,4.7554,297.9737
2015,11,15,11,4.6917,298.7798
2015,11,15,11.25,4.5444,299.5274
2015,11,15,11.5,4.3979,300.3249
2015,11,15,11.75,4.2523,301.1771
2015,11,15,12,4.1077,302.0896
2015,11,15,12.25,4.0613,302.3475
2015,11,15,12.5,4.0149,302.6115
2015,11,15,12.75,3.9685,302.8816
2015,11,15,13,3.9223,303.1581
2015,11,15,13.25,3.9295,303.0902
2015,11,15,13.5,3.9368,303.0225
2015,11,15,13.75,3.944,302.9551
2015,11,15,14,3.9512,302.8879
2015,11,15,14.25,3.9498,302.8672
2015,11,15,14.5,3.9483,302.8464
2015,11,15,14.75,3.9469,302.8256
2015,11,15,15,3.9455,302.8048
2015,11,15,15.25,3.8998,303.0303
2015,11,15,15.5,3.8541,303.2612
2015,11,15,15.75,3.8086,303.4975
2015,11,15,16,3.7631,303.7396
2015,11,15,16.25,3.6915,303.7972
2015,11,15,16.5,3.62,303.857
2015,11,15,16.75,3.5484,303.9193
2015,11,15,17,3.4768,303.9841
2015,11,15,17.25,3.4444,303.4634
2015,11,15,17.5,3.4123,302.9328
2015,11,15,17.75,3.3804,302.3922
2015,11,15,18,3.3489,301.8414
2015,11,15,18.25,3.3543,300.3459
2015,11,15,18.5,3.362,298.8563
2015,11,15,18.75,3.372,297.3745
2015,11,15,19,3.3842,295.9025
2015,11,15,19.25,3.4126,294.3003
2015,11,15,19.5,3.4437,292.7257
2015,11,15,19.75,3.4773,291.1805
2015,11,15,20,3.5134,289.6659
2015,11,15,20.25,3.4984,288.6091
2015,11,15,20.5,3.4846,287.5436
2015,11,15,20.75,3.472,286.47
2015,11,15,21,3.4607,285.389
2015,11,15,21.25,3.4331,284.6147
2015,11,15,21.5,3.4062,283.8281
2015,11,15,21.75,3.3799,283.0292
2015,11,15,22,3.3543,282.2178
2015,11,15,22.25,3.3296,281.7755
2015,11,15,22.5,3.3051,281.3266
2015,11,15,22.75,3.2808,280.8711
2015,11,15,23,3.2566,280.4087
2015,11,15,23.25,3.2296,280.2804
2015,11,15,23.5,3.2027,280.15
2015,11,15,23.75,3.1757,280.0174
2015,11,15,24,3.1488,279.8825
2015,11,16,0.25,3.0972,279.8836
2015,11,16,0.5,3.0456,279.8846
2015,11,16,0.75,2.9941,279.8858
2015,11,16,1,2.9425,279.8869
2015,11,16,1.25,3.0087,279.9131
2015,11,16,1.5,3.0749,279.9382
2015,11,16,1.75,3.141,279.9622
2015,11,16,2,3.2072,279.9853
2015,11,16,2.25,3.2481,280.4412
2015,11,16,2.5,3.2891,280.8858
2015,11,16,2.75,3.3303,281.3194
2015,11,16,3,3.3718,281.7423
2015,11,16,3.25,3.3887,281.6995
2015,11,16,3.5,3.4057,281.657
2015,11,16,3.75,3.4226,281.6149
2015,11,16,4,3.4396,281.5733
2015,11,16,4.25,3.479,280.0619
2015,11,16,4.5,3.5208,278.5855
2015,11,16,4.75,3.5649,277.1446
2015,11,16,5,3.6112,275.7398
2015,11,16,5.25,3.7215,273.4224
2015,11,16,5.5,3.8375,271.2417
2015,11,16,5.75,3.9587,269.1918
2015,11,16,6,4.0847,267.2659
2015,11,16,6.25,4.1592,266.651
2015,11,16,6.5,4.2341,266.0577
2015,11,16,6.75,4.3095,265.4852
2015,11,16,7,4.3852,264.9323
2015,11,16,7.25,4.438,264.9241
2015,11,16,7.5,4.4907,264.916
2015,11,16,7.75,4.5435,264.9082
2015,11,16,8,4.5962,264.9005
2015,11,16,8.25,4.676,264.9552
2015,11,16,8.5,4.7557,265.0082
2015,11,16,8.75,4.8355,265.0593
2015,11,16,9,4.9153,265.1089
2015,11,16,9.25,4.9391,265.4435
2015,11,16,9.5,4.963,265.7748
2015,11,16,9.75,4.9871,266.103
2015,11,16,10,5.0114,266.4281
2015,11,16,10.25,4.9592,266.6795
2015,11,16,10.5,4.9072,266.9362
2015,11,16,10.75,4.8552,267.1985
2015,11,16,11,4.8033,267.4664
2015,11,16,11.25,4.6216,267.9499
2015,11,16,11.5,4.4402,268.473
2015,11,16,11.75,4.2591,269.0406
2015,11,16,12,4.0786,269.6586
2015,11,16,12.25,3.9855,270.3002
2015,11,16,12.5,3.8929,270.9724
2015,11,16,12.75,3.8009,271.6772
2015,11,16,13,3.7095,272.4169
2015,11,16,13.25,3.66,272.8918
2015,11,16,13.5,3.6106,273.3797
2015,11,16,13.75,3.5616,273.8811
2015,11,16,14,3.5128,274.3965
2015,11,16,14.25,3.4649,274.52
2015,11,16,14.5,3.4171,274.6469
2015,11,16,14.75,3.3692,274.7774
2015,11,16,15,3.3214,274.9117
2015,11,16,15.25,3.2876,274.8422
2015,11,16,15.5,3.2537,274.7713
2015,11,16,15.75,3.2199,274.6989
2015,11,16,16,3.1861,274.6249
2015,11,16,16.25,3.1673,274.5558
2015,11,16,16.5,3.1485,274.4858
2015,11,16,16.75,3.1298,274.415
2015,11,16,17,3.111,274.3434
2015,11,16,17.25,3.0989,274.2176
2015,11,16,17.5,3.0868,274.0908
2015,11,16,17.75,3.0747,273.963
2015,11,16,18,3.0627,273.8341
2015,11,16,18.25,3.0667,273.7007
2015,11,16,18.5,3.0708,273.5677
2015,11,16,18.75,3.0748,273.435
2015,11,16,19,3.0789,273.3026
2015,11,16,19.25,3.0928,273.2335
2015,11,16,19.5,3.1066,273.1651
2015,11,16,19.75,3.1205,273.0972
2015,11,16,20,3.1344,273.0299
2015,11,16,20.25,3.136,273.5578
2015,11,16,20.5,3.138,274.0851
2015,11,16,20.75,3.1402,274.6117
2015,11,16,21,3.1427,275.1375
2015,11,16,21.25,3.1353,275.8811
2015,11,16,21.5,3.1285,276.6279
2015,11,16,21.75,3.1222,277.378
2015,11,16,22,3.1164,278.1309
2015,11,16,22.25,3.1113,278.6345
2015,11,16,22.5,3.1064,279.1396
2015,11,16,22.75,3.1018,279.6463
2015,11,16,23,3.0974,280.1545
2015,11,16,23.25,3.0885,280.537
2015,11,16,23.5,3.0797,280.9218
2015,11,16,23.75,3.0711,281.3087
2015,11,16,24,3.0626,281.6978
2015,11,17,0.25,3.0557,281.9199
2015,11,17,0.5,3.0489,282.1429
2015,11,17,0.75,3.0421,282.367
2015,11,17,1,3.0353,282.592
2015,11,17,1.25,3.1565,282.7456
2015,11,17,1.5,3.2778,282.8878
2015,11,17,1.75,3.399,283.0199
2015,11,17,2,3.5203,283.1429
2015,11,17,2.25,3.589,282.8061
2015,11,17,2.5,3.6579,282.4819
2015,11,17,2.75,3.7268,282.1697
2015,11,17,3,3.7959,281.8689
2015,11,17,3.25,3.838,281.4094
2015,11,17,3.5,3.8804,280.9599
2015,11,17,3.75,3.923,280.5202
2015,11,17,4,3.9658,280.0899
2015,11,17,4.25,3.9984,279.3057
2015,11,17,4.5,4.0318,278.5343
2015,11,17,4.75,4.0658,277.7757
2015,11,17,5,4.1006,277.0299
2015,11,17,5.25,4.1267,276.0902
2015,11,17,5.5,4.1539,275.1625
2015,11,17,5.75,4.1822,274.2471
2015,11,17,6,4.2115,273.3443
2015,11,17,6.25,4.2462,272.3722
2015,11,17,6.5,4.282,271.4161
2015,11,17,6.75,4.3191,270.4761
2015,11,17,7,4.3572,269.5524
2015,11,17,7.25,4.4002,268.6883
2015,11,17,7.5,4.4441,267.8412
2015,11,17,7.75,4.4891,267.0108
2015,11,17,8,4.5349,266.197
2015,11,17,8.25,4.5687,265.5522
2015,11,17,8.5,4.6031,264.9169
2015,11,17,8.75,4.6381,264.2911
2015,11,17,9,4.6736,263.6748
2015,11,17,9.25,4.6402,263.1716
2015,11,17,9.5,4.6071,262.6613
2015,11,17,9.75,4.5745,262.1436
2015,11,17,10,4.5422,261.6185
2015,11,17,10.25,4.4153,261.1655
2015,11,17,10.5,4.2887,260.6858
2015,11,17,10.75,4.1623,260.177
2015,11,17,11,4.0364,259.6363
2015,11,17,11.25,3.836,259.5182
2015,11,17,11.5,3.6357,259.3872
2015,11,17,11.75,3.4353,259.2408
2015,11,17,12,3.235,259.0763
2015,11,17,12.25,3.1616,259.1503
2015,11,17,12.5,3.0881,259.2279
2015,11,17,12.75,3.0147,259.3092
2015,11,17,13,2.9412,259.3946
2015,11,17,13.25,2.9175,259.2016
2015,11,17,13.5,2.8938,259.0054
2015,11,17,13.75,2.8702,258.806
2015,11,17,14,2.8466,258.6033
2015,11,17,14.25,2.8539,258.0302
2015,11,17,14.5,2.8615,257.4602
2015,11,17,14.75,2.8694,256.8932
2015,11,17,15,2.8776,256.3294
2015,11,17,15.25,2.9113,255.8685
2015,11,17,15.5,2.9451,255.4181
2015,11,17,15.75,2.9791,254.9781
2015,11,17,16,3.0133,254.5479
2015,11,17,16.25,3.043,254.4715
2015,11,17,16.5,3.0728,254.3966
2015,11,17,16.75,3.1026,254.3232
2015,11,17,17,3.1323,254.2511
2015,11,17,17.25,3.1608,254.1787
2015,11,17,17.5,3.1893,254.1077
2015,11,17,17.75,3.2178,254.0379
2015,11,17,18,3.2463,253.9693
2015,11,17,18.25,3.2684,253.8464
2015,11,17,18.5,3.2905,253.725
2015,11,17,18.75,3.3127,253.6053
2015,11,17,19,3.3348,253.4872
2015,11,17,19.25,3.3521,253.4751
2015,11,17,19.5,3.3693,253.4631
2015,11,17,19.75,3.3866,253.4512
2015,11,17,20,3.4039,253.4394
2015,11,17,20.25,3.3692,253.9827
2015,11,17,20.5,3.3348,254.5373
2015,11,17,20.75,3.3007,255.1034
2015,11,17,21,3.267,255.6813
2015,11,17,21.25,3.2143,256.7148
2015,11,17,21.5,3.1627,257.7824
2015,11,17,21.75,3.1123,258.8851
2015,11,17,22,3.063,260.0236
2015,11,17,22.25,2.9967,261.5042
2015,11,17,22.5,2.9324,263.0507
2015,11,17,22.75,2.8704,264.6653
2015,11,17,23,2.8108,266.3499
2015,11,17,23.25,2.731,268.3486
2015,11,17,23.5,2.6547,270.4649
2015,11,17,23.75,2.5823,272.7031
2015,11,17,24,2.514,275.0666
2015,11,18,0.25,2.4269,277.1747
2015,11,18,0.5,2.3434,279.4364
2015,11,18,0.75,2.2638,281.8611
2015,11,18,1,2.1885,284.4576
2015,11,18,1.25,2.195,286.0771
2015,11,18,1.5,2.2033,287.6858
2015,11,18,1.75,2.2133,289.2812
2015,11,18,2,2.225,290.861
2015,11,18,2.25,2.2373,290.1254
2015,11,18,2.5,2.2499,289.3979
2015,11,18,2.75,2.263,288.6787
2015,11,18,3,2.2763,287.9678
2015,11,18,3.25,2.2797,285.5505
2015,11,18,3.5,2.287,283.1445
2015,11,18,3.75,2.2984,280.7581
2015,11,18,4,2.3137,278.3993
2015,11,18,4.25,2.354,275.5548
2015,11,18,4.5,2.4,272.8126
2015,11,18,4.75,2.4512,270.1792
2015,11,18,5,2.5074,267.6587
2015,11,18,5.25,2.588,265.1819
2015,11,18,5.5,2.6732,262.8588
2015,11,18,5.75,2.7625,260.6824
2015,11,18,6,2.8555,258.6451
2015,11,18,6.25,2.9488,256.723
2015,11,18,6.5,3.0452,254.9206
2015,11,18,6.75,3.1445,253.2305
2015,11,18,7,3.2463,251.645
2015,11,18,7.25,3.3263,250.2408
2015,11,18,7.5,3.4081,248.9033
2015,11,18,7.75,3.4918,247.6292
2015,11,18,8,3.5771,246.4153
2015,11,18,8.25,3.632,245.4978
2015,11,18,8.5,3.6879,244.6078
2015,11,18,8.75,3.7446,243.7445
2015,11,18,9,3.8021,242.9072
2015,11,18,9.25,3.7922,242.4372
2015,11,18,9.5,3.7826,241.9648
2015,11,18,9.75,3.7733,241.49
2015,11,18,10,3.7642,241.0129
2015,11,18,10.25,3.6449,240.641
2015,11,18,10.5,3.5258,240.2439
2015,11,18,10.75,3.4068,239.8191
2015,11,18,11,3.288,239.3636
2015,11,18,11.25,3.1561,239.161
2015,11,18,11.5,3.0243,238.9408
2015,11,18,11.75,2.8925,238.7005
2015,11,18,12,2.7608,238.4373
2015,11,18,12.25,2.6805,238.2153
2015,11,18,12.5,2.6002,237.9795
2015,11,18,12.75,2.52,237.7288
2015,11,18,13,2.4399,237.4616
2015,11,18,13.25,2.4139,237.0132
2015,11,18,13.5,2.388,236.5551
2015,11,18,13.75,2.3623,236.0871
2015,11,18,14,2.3368,235.6087
2015,11,18,14.25,2.3231,234.7099
2015,11,18,14.5,2.31,233.8006
2015,11,18,14.75,2.2974,232.8811
2015,11,18,15,2.2855,231.9518
2015,11,18,15.25,2.2834,230.7069
2015,11,18,15.5,2.2823,229.4601
2015,11,18,15.75,2.2824,228.2129
2015,11,18,16,2.2835,226.9663
2015,11,18,16.25,2.2971,225.9023
2015,11,18,16.5,2.3116,224.8513
2015,11,18,16.75,2.3268,223.8137
2015,11,18,17,2.3427,222.7898
2015,11,18,17.25,2.3689,222.0112
2015,11,18,17.5,2.3954,221.2496
2015,11,18,17.75,2.4224,220.505
2015,11,18,18,2.4498,219.7768
2015,11,18,18.25,2.4766,219.6874
2015,11,18,18.5,2.5033,219.5998
2015,11,18,18.75,2.5301,219.5141
2015,11,18,19,2.5568,219.4303
2015,11,18,19.25,2.5776,219.9716
2015,11,18,19.5,2.5987,220.5042
2015,11,18,19.75,2.62,221.0282
2015,11,18,20,2.6414,221.5437
2015,11,18,20.25,2.6532,221.8749
2015,11,18,20.5,2.665,222.2032
2015,11,18,20.75,2.6768,222.5286
2015,11,18,21,2.6888,222.851
2015,11,18,21.25,2.6973,222.89
2015,11,18,21.5,2.7058,222.9287
2015,11,18,21.75,2.7143,222.9672
2015,11,18,22,2.7228,223.0054
2015,11,18,22.25,2.7377,222.8179
2015,11,18,22.5,2.7527,222.6324
2015,11,18,22.75,2.7678,222.449
2015,11,18,23,2.7828,222.2675
2015,11,18,23.25,2.7968,221.7996
2015,11,18,23.5,2.8109,221.3364
2015,11,18,23.75,2.8252,220.8779
2015,11,18,24,2.8397,220.424
2015,11,19,0.25,2.8302,219.9582
2015,11,19,0.5,2.8209,219.4894
2015,11,19,0.75,2.8117,219.0174
2015,11,19,1,2.8028,218.5424
2015,11,19,1.25,2.8277,218.1854
2015,11,19,1.5,2.8527,217.8346
2015,11,19,1.75,2.8779,217.49
2015,11,19,2,2.9031,217.1513
2015,11,19,2.25,2.7737,218.014
2015,11,19,2.5,2.645,218.961
2015,11,19,2.75,2.517,220.0045
2015,11,19,3,2.39,221.1593
2015,11,19,3.25,2.2132,223.1383
2015,11,19,3.5,2.0394,225.4578
2015,11,19,3.75,1.8696,228.2038
2015,11,19,4,1.7049,231.489
2015,11,19,4.25,1.6751,230.4569
2015,11,19,4.5,1.6459,229.3878
2015,11,19,4.75,1.6173,228.2803
2015,11,19,5,1.5892,227.1335
2015,11,19,5.25,1.6989,223.1208
2015,11,19,5.5,1.8159,219.6096
2015,11,19,5.75,1.9389,216.5334
2015,11,19,6,2.0667,213.8308
2015,11,19,6.25,2.1468,212.1766
2015,11,19,6.5,2.2285,210.6426
2015,11,19,6.75,2.3118,209.218
2015,11,19,7,2.3963,207.8932
2015,11,19,7.25,2.388,207.3155
2015,11,19,7.5,2.38,206.7339
2015,11,19,7.75,2.3723,206.1484
2015,11,19,8,2.3648,205.5591
2015,11,19,8.25,2.3278,205.2486
2015,11,19,8.5,2.2909,204.928
2015,11,19,8.75,2.2541,204.5969
2015,11,19,9,2.2174,204.2548
2015,11,19,9.25,2.1911,203.2787
2015,11,19,9.5,2.1655,202.2791
2015,11,19,9.75,2.1406,201.256
2015,11,19,10,2.1163,200.2091
2015,11,19,10.25,2.0653,198.5912
2015,11,19,10.5,2.016,196.8927
2015,11,19,10.75,1.9685,195.1107
2015,11,19,11,1.9231,193.2426
2015,11,19,11.25,1.8627,190.927
2015,11,19,11.5,1.8055,188.4606
2015,11,19,11.75,1.7519,185.8381
2015,11,19,12,1.7022,183.0563
2015,11,19,12.25,1.675,180.4048
2015,11,19,12.5,1.6516,177.6718
2015,11,19,12.75,1.632,174.8668
2015,11,19,13,1.6164,172.0006
2015,11,19,13.25,1.5926,168.7885
2015,11,19,13.5,1.5739,165.4895
2015,11,19,13.75,1.5605,162.1227
2015,11,19,14,1.5526,158.7098
2015,11,19,14.25,1.5304,154.7119
2015,11,19,14.5,1.5159,150.6171
2015,11,19,14.75,1.5092,146.4646
2015,11,19,15,1.5105,142.2973
2015,11,19,15.25,1.5151,137.8082
2015,11,19,15.5,1.5288,133.3729
2015,11,19,15.75,1.5515,129.042
2015,11,19,16,1.5828,124.8591
2015,11,19,16.25,1.6057,121.3602
2015,11,19,16.5,1.6345,117.9719
2015,11,19,16.75,1.6687,114.7115
2015,11,19,17,1.7081,111.5918
2015,11,19,17.25,1.7488,109.4861
2015,11,19,17.5,1.7919,107.4789
2015,11,19,17.75,1.837,105.5681
2015,11,19,18,1.884,103.7508
2015,11,19,18.25,1.9389,103.0488
2015,11,19,18.5,1.994,102.3856
2015,11,19,18.75,2.0494,101.7581
2015,11,19,19,2.105,101.1637
2015,11,19,19.25,2.1674,101.1372
2015,11,19,19.5,2.2298,101.1121
2015,11,19,19.75,2.2922,101.0885
2015,11,19,20,2.3546,101.0661
2015,11,19,20.25,2.4016,102.0937
2015,11,19,20.5,2.4493,103.0816
2015,11,19,20.75,2.4977,104.0315
2015,11,19,21,2.5467,104.9451
2015,11,19,21.25,2.5817,106.6273
2015,11,19,21.5,2.6189,108.2632
2015,11,19,21.75,2.6581,109.8521
2015,11,19,22,2.6993,111.3935
2015,11,19,22.25,2.7263,112.54
2015,11,19,22.5,2.7542,113.6637
2015,11,19,22.75,2.7833,114.7643
2015,11,19,23,2.8133,115.8418
2015,11,19,23.25,2.8018,116.0539
2015,11,19,23.5,2.7903,116.2677
2015,11,19,23.75,2.7788,116.4833
2015,11,19,24,2.7674,116.7006
2015,11,20,0.25,2.6874,116.0788
2015,11,20,0.5,2.6078,115.4189
2015,11,20,0.75,2.5285,114.7175
2015,11,20,1,2.4497,113.9709
2015,11,20,1.25,2.3983,112.59
2015,11,20,1.5,2.3484,111.1495
2015,11,20,1.75,2.3,109.6474
2015,11,20,2,2.2533,108.082
2015,11,20,2.25,2.2738,107.046
2015,11,20,2.5,2.2951,106.029
2015,11,20,2.75,2.3171,105.0309
2015,11,20,3,2.3398,104.052
2015,11,20,3.25,2.3668,103.0729
2015,11,20,3.5,2.3944,102.1161
2015,11,20,3.75,2.4228,101.1815
2015,11,20,4,2.4517,100.2687
2015,11,20,4.25,2.4766,99.2253
2015,11,20,4.5,2.5023,98.203
2015,11,20,4.75,2.5288,97.2018
2015,11,20,5,2.5561,96.2216
2015,11,20,5.25,2.5977,96.0085
2015,11,20,5.5,2.6393,95.802
2015,11,20,5.75,2.681,95.602
2015,11,20,6,2.7227,95.4081
2015,11,20,6.25,2.7551,95.7826
2015,11,20,6.5,2.7876,96.1484
2015,11,20,6.75,2.8203,96.5057
2015,11,20,7,2.853,96.8548
2015,11,20,7.25,2.8759,97.4485
2015,11,20,7.5,2.899,98.0328
2015,11,20,7.75,2.9224,98.6078
2015,11,20,8,2.9461,99.1736
2015,11,20,8.25,2.9497,99.3681
2015,11,20,8.5,2.9533,99.562
2015,11,20,8.75,2.957,99.7555
2015,11,20,9,2.9607,99.9486
2015,11,20,9.25,2.9507,99.807
2015,11,20,9.5,2.9408,99.6644
2015,11,20,9.75,2.9308,99.5209
2015,11,20,10,2.9209,99.3764
2015,11,20,10.25,2.9257,98.9406
2015,11,20,10.5,2.9307,98.5063
2015,11,20,10.75,2.9358,98.0734
2015,11,20,11,2.9411,97.6421
2015,11,20,11.25,2.8792,97.3658
2015,11,20,11.5,2.8174,97.0774
2015,11,20,11.75,2.7556,96.7761
2015,11,20,12,2.694,96.461
2015,11,20,12.25,2.7387,95.7554
2015,11,20,12.5,2.7838,95.0726
2015,11,20,12.75,2.8294,94.4116
2015,11,20,13,2.8753,93.7717
2015,11,20,13.25,2.9294,92.7938
2015,11,20,13.5,2.9844,91.8517
2015,11,20,13.75,3.0402,90.9439
2015,11,20,14,3.0967,90.069
2015,11,20,14.25,3.1282,89.5518
2015,11,20,14.5,3.1599,89.045
2015,11,20,14.75,3.1918,88.5482
2015,11,20,15,3.224,88.0614
2015,11,20,15.25,3.2549,87.6768
2015,11,20,15.5,3.2858,87.2994
2015,11,20,15.75,3.317,86.9291
2015,11,20,16,3.3482,86.5657
2015,11,20,16.25,3.3794,86.2356
2015,11,20,16.5,3.4107,85.9116
2015,11,20,16.75,3.4421,85.5934
2015,11,20,17,3.4737,85.2811
2015,11,20,17.25,3.5155,85.1687
2015,11,20,17.5,3.5574,85.0589
2015,11,20,17.75,3.5993,84.9517
2015,11,20,18,3.6412,84.847
2015,11,20,18.25,3.6629,84.9264
2015,11,20,18.5,3.6846,85.0049
2015,11,20,18.75,3.7063,85.0824
2015,11,20,19,3.728,85.1591
2015,11,20,19.25,3.7595,85.2851
2015,11,20,19.5,3.791,85.409
2015,11,20,19.75,3.8225,85.5308
2015,11,20,20,3.8541,85.6507
2015,11,20,20.25,3.8544,85.532
2015,11,20,20.5,3.8548,85.4134
2015,11,20,20.75,3.8552,85.2948
2015,11,20,21,3.8556,85.1762
2015,11,20,21.25,3.7793,84.7794
2015,11,20,21.5,3.7031,84.3662
2015,11,20,21.75,3.6271,83.9357
2015,11,20,22,3.5514,83.4867
2015,11,20,22.25,3.4718,82.8918
2015,11,20,22.5,3.3926,82.2689
2015,11,20,22.75,3.3138,81.6164
2015,11,20,23,3.2355,80.9322
2015,11,20,23.25,3.1638,80.122
2015,11,20,23.5,3.0928,79.2744
2015,11,20,23.75,3.0226,78.3872
2015,11,20,24,2.9531,77.4581
2015,11,21,0.25,2.8875,76.3453
2015,11,21,0.5,2.8231,75.1813
2015,11,21,0.75,2.7599,73.9635
2015,11,21,1,2.698,72.6892
2015,11,21,1.25,2.7601,70.9416
2015,11,21,1.5,2.8246,69.2724
2015,11,21,1.75,2.8915,67.679
2015,11,21,2,2.9604,66.1588
2015,11,21,2.25,3.0908,66.9109
2015,11,21,2.5,3.2217,67.6021
2015,11,21,2.75,3.353,68.2392
2015,11,21,3,3.4847,68.8283
2015,11,21,3.25,3.5941,69.8273
2015,11,21,3.5,3.7045,70.7671
2015,11,21,3.75,3.8159,71.6522
2015,11,21,4,3.9281,72.487
2015,11,21,4.25,3.9954,73.1417
2015,11,21,4.5,4.0632,73.7747
2015,11,21,4.75,4.1315,74.3869
2015,11,21,5,4.2002,74.9791
2015,11,21,5.25,4.2528,75.2551
2015,11,21,5.5,4.3054,75.5245
2015,11,21,5.75,4.3581,75.7873
2015,11,21,6,4.411,76.0438
2015,11,21,6.25,4.4551,76.0737
2015,11,21,6.5,4.4993,76.103
2015,11,21,6.75,4.5434,76.1317
2015,11,21,7,4.5876,76.1599
2015,11,21,7.25,4.6112,76.0109
2015,11,21,7.5,4.6349,75.8633
2015,11,21,7.75,4.6586,75.7173
2015,11,21,8,4.6823,75.5727
2015,11,21,8.25,4.6767,75.4081
2015,11,21,8.5,4.6711,75.2432
2015,11,21,8.75,4.6655,75.0779
2015,11,21,9,4.66,74.9121
2015,11,21,9.25,4.6126,74.7577
2015,11,21,9.5,4.5652,74.6
2015,11,21,9.75,4.5178,74.439
2015,11,21,10,4.4705,74.2746
2015,11,21,10.25,4.4039,74.0266
2015,11,21,10.5,4.3375,73.771
2015,11,21,10.75,4.2711,73.5074
2015,11,21,11,4.2048,73.2355
2015,11,21,11.25,4.0163,72.9086
2015,11,21,11.5,3.828,72.5495
2015,11,21,11.75,3.6398,72.1532
2015,11,21,12,3.4518,71.7138
2015,11,21,12.25,3.4214,70.7768
2015,11,21,12.5,3.3919,69.8232
2015,11,21,12.75,3.3633,68.8531
2015,11,21,13,3.3358,67.8668
2015,11,21,13.25,3.3435,66.7619
2015,11,21,13.5,3.3524,65.6625
2015,11,21,13.75,3.3626,64.5694
2015,11,21,14,3.3739,63.4832
2015,11,21,14.25,3.3741,62.4559
2015,11,21,14.5,3.3753,61.429
2015,11,21,14.75,3.3776,60.4031
2015,11,21,15,3.381,59.379
2015,11,21,15.25,3.3787,58.4595
2015,11,21,15.5,3.3772,57.539
2015,11,21,15.75,3.3766,56.618
2015,11,21,16,3.3769,55.6969
2015,11,21,16.25,3.3946,54.5146
2015,11,21,16.5,3.4137,53.3452
2015,11,21,16.75,3.4343,52.1892
2015,11,21,17,3.4562,51.0475
2015,11,21,17.25,3.4582,49.9279
2015,11,21,17.5,3.4616,48.8101
2015,11,21,17.75,3.4662,47.6948
2015,11,21,18,3.4722,46.583
2015,11,21,18.25,3.4539,45.663
2015,11,21,18.5,3.4366,44.7335
2015,11,21,18.75,3.4201,43.7949
2015,11,21,19,3.4046,42.8473
2015,11,21,19.25,3.4709,41.9459
2015,11,21,19.5,3.538,41.0784
2015,11,21,19.75,3.6059,40.2434
2015,11,21,20,3.6746,39.4395
2015,11,21,20.25,3.6186,39.1657
2015,11,21,20.5,3.5627,38.8832
2015,11,21,20.75,3.5068,38.5918
2015,11,21,21,3.4511,38.2909
2015,11,21,21.25,3.4154,37.4357
2015,11,21,21.5,3.3805,36.5626
2015,11,21,21.75,3.3465,35.6714
2015,11,21,22,3.3132,34.7622
2015,11,21,22.25,3.3245,34.0205
2015,11,21,22.5,3.3363,33.2839
2015,11,21,22.75,3.3487,32.5527
2015,11,21,23,3.3616,31.827
2015,11,21,23.25,3.3207,31.3789
2015,11,21,23.5,3.2799,30.9198
2015,11,21,23.75,3.2393,30.449
2015,11,21,24,3.199,29.9664
2015,11,22,0.25,3.1842,29.9409
2015,11,22,0.5,3.1693,29.9151
2015,11,22,0.75,3.1545,29.8892
2015,11,22,1,3.1397,29.8629
2015,11,22,1.25,3.1825,30.3509
2015,11,22,1.5,3.2256,30.8259
2015,11,22,1.75,3.269,31.2884
2015,11,22,2,3.3125,31.7387
2015,11,22,2.25,3.358,33.4916
2015,11,22,2.5,3.4066,35.1961
2015,11,22,2.75,3.4581,36.8512
2015,11,22,3,3.5125,38.4564
2015,11,22,3.25,3.6424,41.6955
2015,11,22,3.5,3.7832,44.7026
2015,11,22,3.75,3.9336,47.4869
2015,11,22,4,4.0926,50.0605
2015,11,22,4.25,4.1908,52.9111
2015,11,22,4.5,4.2989,55.6248
2015,11,22,4.75,4.4162,58.1999
2015,11,22,5,4.5419,60.6372
2015,11,22,5.25,4.5731,62.5306
2015,11,22,5.5,4.6092,64.3964
2015,11,22,5.75,4.6501,66.2312
2015,11,22,6,4.6957,68.0322
2015,11,22,6.25,4.6942,69.9
2015,11,22,6.5,4.6977,71.767
2015,11,22,6.75,4.7062,73.6292
2015,11,22,7,4.7196,75.4828
2015,11,22,7.25,4.6967,77.2771
2015,11,22,7.5,4.6784,79.0872
2015,11,22,7.75,4.6649,80.9097
2015,11,22,8,4.656,82.741
2015,11,22,8.25,4.6525,83.8189
2015,11,22,8.5,4.6506,84.8981
2015,11,22,8.75,4.6504,85.9778
2015,11,22,9,4.6518,87.0573
2015,11,22,9.25,4.6607,87.7008
2015,11,22,9.5,4.6701,88.3418
2015,11,22,9.75,4.6802,88.9802
2015,11,22,10,4.6908,89.6157
2015,11,22,10.25,4.6301,90.3537
2015,11,22,10.5,4.5702,91.1112
2015,11,22,10.75,4.5112,91.8887
2015,11,22,11,4.453,92.6867
2015,11,22,11.25,4.2789,93.3655
2015,11,22,11.5,4.1054,94.1019
2015,11,22,11.75,3.9327,94.903
2015,11,22,12,3.7608,95.7775
2015,11,22,12.25,3.7554,95.3427
2015,11,22,12.5,3.7502,94.9067
2015,11,22,12.75,3.7452,94.4694
2015,11,22,13,3.7404,94.0311
2015,11,22,13.25,3.7538,93.1996
2015,11,22,13.5,3.7679,92.3742
2015,11,22,13.75,3.7828,91.5551
2015,11,22,14,3.7984,90.7427
2015,11,22,14.25,3.7535,90.0998
2015,11,22,14.5,3.709,89.4414
2015,11,22,14.75,3.665,88.7671
2015,11,22,15,3.6215,88.0766
2015,11,22,15.25,3.5986,87.3743
2015,11,22,15.5,3.5762,86.6631
2015,11,22,15.75,3.5543,85.943
2015,11,22,16,3.533,85.2142
2015,11,22,16.25,3.5224,84.847
2015,11,22,16.5,3.512,84.4776
2015,11,22,16.75,3.5017,84.106
2015,11,22,17,3.4916,83.7323
2015,11,22,17.25,3.4887,83.7568
2015,11,22,17.5,3.4858,83.7813
2015,11,22,17.75,3.483,83.8059
2015,11,22,18,3.4801,83.8305
2015,11,22,18.25,3.4628,83.8195
2015,11,22,18.5,3.4454,83.8083
2015,11,22,18.75,3.4281,83.797
2015,11,22,19,3.4107,83.7856
2015,11,22,19.25,3.3797,83.5689
2015,11,22,19.5,3.3487,83.3481
2015,11,22,19.75,3.3178,83.1232
2015,11,22,20,3.2869,82.8941
2015,11,22,20.25,3.2408,82.2815
2015,11,22,20.5,3.1951,81.6514
2015,11,22,20.75,3.1497,81.003
2015,11,22,21,3.1048,80.3358
2015,11,22,21.25,3.0491,79.4928
2015,11,22,21.5,2.9942,78.6186
2015,11,22,21.75,2.94,77.7119
2015,11,22,22,2.8865,76.7715
2015,11,22,22.25,2.8502,75.1472
2015,11,22,22.5,2.8162,73.4823
2015,11,22,22.75,2.7846,71.7782
2015,11,22,23,2.7555,70.0366
2015,11,22,23.25,2.7253,67.7083
2015,11,22,23.5,2.6997,65.3319
2015,11,22,23.75,2.6789,62.9142
2015,11,22,24,2.6628,60.463
2015,11,23,0.25,2.684,57.1233
2015,11,23,0.5,2.7141,53.8468
2015,11,23,0.75,2.7529,50.6524
2015,11,23,1,2.8,47.5561
2015,11,23,1.25,2.9265,44.541
2015,11,23,1.5,3.0604,41.7826
2015,11,23,1.75,3.2008,39.2607
2015,11,23,2,3.3469,36.9549
2015,11,23,2.25,3.5233,36.2768
2015,11,23,2.5,3.7002,35.6634
2015,11,23,2.75,3.8774,35.106
2015,11,23,3,4.055,34.5974
2015,11,23,3.25,4.2764,35.3454
2015,11,23,3.5,4.4985,36.0196
2015,11,23,3.75,4.7211,36.6303
2015,11,23,4,4.9442,37.186
2015,11,23,4.25,5.0469,37.7059
2015,11,23,4.5,5.15,38.205
2015,11,23,4.75,5.2535,38.6845
2015,11,23,5,5.3574,39.1454
2015,11,23,5.25,5.3889,39.3961
2015,11,23,5.5,5.4207,39.6438
2015,11,23,5.75,5.4525,39.8887
2015,11,23,6,5.4843,40.1307
2015,11,23,6.25,5.452,39.8496
2015,11,23,6.5,5.4198,39.5651
2015,11,23,6.75,5.3878,39.2773
2015,11,23,7,5.3558,38.986
2015,11,23,7.25,5.2869,38.4931
2015,11,23,7.5,5.2183,37.9872
2015,11,23,7.75,5.1501,37.4679
2015,11,23,8,5.0824,36.9348
2015,11,23,8.25,4.9383,36.7081
2015,11,23,8.5,4.7942,36.4678
2015,11,23,8.75,4.6503,36.2126
2015,11,23,9,4.5064,35.9411
2015,11,23,9.25,4.3709,36.0899
2015,11,23,9.5,4.2355,36.2482
2015,11,23,9.75,4.1001,36.417
2015,11,23,10,3.9648,36.5972
2015,11,23,10.25,3.8418,36.7143
2015,11,23,10.5,3.7189,36.8391
2015,11,23,10.75,3.596,36.9724
2015,11,23,11,3.4731,37.1151
2015,11,23,11.25,3.318,37.0148
2015,11,23,11.5,3.1629,36.9046
2015,11,23,11.75,3.0079,36.783
2015,11,23,12,2.8528,36.6482
2015,11,23,12.25,2.8074,37.0394
2015,11,23,12.5,2.7621,37.4435
2015,11,23,12.75,2.717,37.8609
2015,11,23,13,2.672,38.2925
2015,11,23,13.25,2.6417,39.6132
2015,11,23,13.5,2.6127,40.9639
2015,11,23,13.75,2.5853,42.344
2015,11,23,14,2.5593,43.753
2015,11,23,14.25,2.5713,45.2661
2015,11,23,14.5,2.585,46.7642
2015,11,23,14.75,2.6005,48.2454
2015,11,23,15,2.6177,49.7082
2015,11,23,15.25,2.6516,50.5907
2015,11,23,15.5,2.6861,51.4509
2015,11,23,15.75,2.7211,52.289
2015,11,23,16,2.7568,53.1056
2015,11,23,16.25,2.7814,53.2599
2015,11,23,16.5,2.8061,53.4114
2015,11,23,16.75,2.8308,53.5603
2015,11,23,17,2.8555,53.7066
2015,11,23,17.25,2.8789,53.6704
2015,11,23,17.5,2.9023,53.6348
2015,11,23,17.75,2.9258,53.5998
2015,11,23,18,2.9492,53.5653
2015,11,23,18.25,2.9841,53.6678
2015,11,23,18.5,3.019,53.7679
2015,11,23,18.75,3.0539,53.8657
2015,11,23,19,3.0888,53.9613
2015,11,23,19.25,3.1233,54.0261
2015,11,23,19.5,3.1579,54.0896
2015,11,23,19.75,3.1925,54.1516
2015,11,23,20,3.2271,54.2123
2015,11,23,20.25,3.2123,54.2772
2015,11,23,20.5,3.1975,54.3427
2015,11,23,20.75,3.1827,54.4088
2015,11,23,21,3.1679,54.4755
2015,11,23,21.25,3.1388,54.63
2015,11,23,21.5,3.1098,54.7873
2015,11,23,21.75,3.0808,54.9476
2015,11,23,22,3.0518,55.1109
2015,11,23,22.25,3.0463,55.7679
2015,11,23,22.5,3.0412,56.4272
2015,11,23,22.75,3.0365,57.0886
2015,11,23,23,3.0322,57.752
2015,11,23,23.25,3.0199,58.8757
2015,11,23,23.5,3.0089,60.0082
2015,11,23,23.75,2.999,61.1486
2015,11,23,24,2.9903,62.296
2015,11,24,0.25,2.9726,63.4794
2015,11,24,0.5,2.9562,64.6765
2015,11,24,0.75,2.9411,65.8864
2015,11,24,1,2.9273,67.1082
2015,11,24,1.25,3.0182,67.9331
2015,11,24,1.5,3.1096,68.7097
2015,11,24,1.75,3.2016,69.4417
2015,11,24,2,3.2941,70.1328
2015,11,24,2.25,3.3486,71.1715
2015,11,24,2.5,3.4042,72.1767
2015,11,24,2.75,3.4608,73.1492
2015,11,24,3,3.5184,74.0902
2015,11,24,3.25,3.5846,74.7219
2015,11,24,3.5,3.6513,75.3307
2015,11,24,3.75,3.7183,75.9175
2015,11,24,4,3.7858,76.4835
2015,11,24,4.25,3.7904,76.5953
2015,11,24,4.5,3.7951,76.7068
2015,11,24,4.75,3.7997,76.818
2015,11,24,5,3.8044,76.929
2015,11,24,5.25,3.7707,76.6942
2015,11,24,5.5,3.7371,76.4552
2015,11,24,5.75,3.7035,76.2119
2015,11,24,6,3.67,75.9642
2015,11,24,6.25,3.6384,75.4615
2015,11,24,6.5,3.6071,74.95
2015,11,24,6.75,3.5761,74.4297
2015,11,24,7,3.5455,73.9003
2015,11,24,7.25,3.5351,73.3949
2015,11,24,7.5,3.525,72.8867
2015,11,24,7.75,3.5152,72.3755
2015,11,24,8,3.5057,71.8616
2015,11,24,8.25,3.4876,71.8042
2015,11,24,8.5,3.4695,71.7462
2015,11,24,8.75,3.4513,71.6875
2015,11,24,9,3.4332,71.6283
2015,11,24,9.25,3.3593,72.2217
2015,11,24,9.5,3.2857,72.8417
2015,11,24,9.75,3.2125,73.4901
2015,11,24,10,3.1397,74.1685
2015,11,24,10.25,3.0983,75.2192
2015,11,24,10.5,3.0579,76.2979
2015,11,24,10.75,3.0187,77.4051
2015,11,24,11,2.9806,78.5411
2015,11,24,11.25,2.8838,79.8801
2015,11,24,11.5,2.7888,81.3112
2015,11,24,11.75,2.6957,82.8422
2015,11,24,12,2.6045,84.4816
2015,11,24,12.25,2.6319,85.422
2015,11,24,12.5,2.6598,86.343
2015,11,24,12.75,2.6885,87.2445
2015,11,24,13,2.7178,88.1268
2015,11,24,13.25,2.7713,88.0277
2015,11,24,13.5,2.8248,87.9322
2015,11,24,13.75,2.8782,87.8403
2015,11,24,14,2.9317,87.7518
2015,11,24,14.25,2.9811,86.6694
2015,11,24,14.5,3.0316,85.6227
2015,11,24,14.75,3.083,84.6105
2015,11,24,15,3.1353,83.6319
2015,11,24,15.25,3.1821,82.0952
2015,11,24,15.5,3.2312,80.6042
2015,11,24,15.75,3.2823,79.1586
2015,11,24,16,3.3355,77.7583
2015,11,24,16.25,3.3786,76.3667
2015,11,24,16.5,3.4237,75.0109
2015,11,24,16.75,3.4706,73.691
2015,11,24,17,3.5193,72.407
2015,11,24,17.25,3.6092,71.2869
2015,11,24,17.5,3.7004,70.2217
2015,11,24,17.75,3.7927,69.208
2015,11,24,18,3.8863,68.2428
2015,11,24,18.25,4.0492,67.2151
2015,11,24,18.5,4.2133,66.2671
2015,11,24,18.75,4.3785,65.3905
2015,11,24,19,4.5447,64.5778
2015,11,24,19.25,4.6506,63.7011
2015,11,24,19.5,4.7575,62.8637
2015,11,24,19.75,4.8655,62.0633
2015,11,24,20,4.9743,61.2978
2015,11,24,20.25,4.9466,60.7697
2015,11,24,20.5,4.9192,60.2357
2015,11,24,20.75,4.8923,59.6958
2015,11,24,21,4.8659,59.15
2015,11,24,21.25,4.767,58.9122
2015,11,24,21.5,4.6682,58.6643
2015,11,24,21.75,4.5694,58.4057
2015,11,24,22,4.4708,58.1357
2015,11,24,22.25,4.4457,57.8964
2015,11,24,22.5,4.4207,57.6545
2015,11,24,22.75,4.3957,57.4098
2015,11,24,23,4.3709,57.1623
2015,11,24,23.25,4.3644,57.3813
2015,11,24,23.5,4.3579,57.601
2015,11,24,23.75,4.3515,57.8213
2015,11,24,24,4.3452,58.0423
2015,11,25,0.25,4.3945,58.295
2015,11,25,0.5,4.4439,58.5421
2015,11,25,0.75,4.4934,58.7837
2015,11,25,1,4.543,59.0201
2015,11,25,1.25,4.7155,59.3335
2015,11,25,1.5,4.8881,59.6249
2015,11,25,1.75,5.0608,59.8963
2015,11,25,2,5.2337,60.1498
2015,11,25,2.25,5.3781,60.8226
2015,11,25,2.5,5.5232,61.46
2015,11,25,2.75,5.6689,62.0648
2015,11,25,3,5.8152,62.6392
2015,11,25,3.25,5.8262,63.3291
2015,11,25,3.5,5.838,64.0162
2015,11,25,3.75,5.8506,64.7005
2015,11,25,4,5.8641,65.3817
2015,11,25,4.25,5.8156,65.6574
2015,11,25,4.5,5.7673,65.9378
2015,11,25,4.75,5.7192,66.2228
2015,11,25,5,5.6712,66.5127
2015,11,25,5.25,5.5809,66.2493
2015,11,25,5.5,5.4907,65.9773
2015,11,25,5.75,5.4007,65.6961
2015,11,25,6,5.3108,65.4055
2015,11,25,6.25,5.1952,64.6206
2015,11,25,6.5,5.0807,63.8002
2015,11,25,6.75,4.9672,62.9422
2015,11,25,7,4.855,62.0442
2015,11,25,7.25,4.7415,61.0746
2015,11,25,7.5,4.6294,60.0578
2015,11,25,7.75,4.5189,58.9908
2015,11,25,8,4.41,57.8707
2015,11,25,8.25,4.3635,57.3393
2015,11,25,8.5,4.3173,56.7965
2015,11,25,8.75,4.2716,56.242
2015,11,25,9,4.2262,55.6755
2015,11,25,9.25,4.1918,55.9085
2015,11,25,9.5,4.1574,56.1453
2015,11,25,9.75,4.1232,56.386
2015,11,25,10,4.0889,56.6308
2015,11,25,10.25,4.0119,57.3405
2015,11,25,10.5,3.9354,58.0779
2015,11,25,10.75,3.8596,58.8443
2015,11,25,11,3.7846,59.6413
2015,11,25,11.25,3.6777,60.4317
2015,11,25,11.5,3.5716,61.2692
2015,11,25,11.75,3.4663,62.1579
2015,11,25,12,3.3618,63.1019
2015,11,25,12.25,3.3928,63.38
2015,11,25,12.5,3.4239,63.6531
2015,11,25,12.75,3.4551,63.9212
2015,11,25,13,3.4864,64.1846
2015,11,25,13.25,3.505,63.9616
2015,11,25,13.5,3.5238,63.7411
2015,11,25,13.75,3.5426,63.5228
2015,11,25,14,3.5614,63.3069
2015,11,25,14.25,3.5625,62.9342
2015,11,25,14.5,3.5636,62.5616
2015,11,25,14.75,3.5649,62.1894
2015,11,25,15,3.5664,61.8174
2015,11,25,15.25,3.5778,61.4944
2015,11,25,15.5,3.5894,61.1735
2015,11,25,15.75,3.601,60.8547
2015,11,25,16,3.6128,60.5379
2015,11,25,16.25,3.6556,60.2898
2015,11,25,16.5,3.6984,60.0475
2015,11,25,16.75,3.7414,59.8107
2015,11,25,17,3.7843,59.5793
2015,11,25,17.25,3.8412,59.2878
2015,11,25,17.5,3.8981,59.0049
2015,11,25,17.75,3.9552,58.7301
2015,11,25,18,4.0123,58.4632
2015,11,25,18.25,4.0673,58.016
2015,11,25,18.5,4.1226,57.5808
2015,11,25,18.75,4.1781,57.1572
2015,11,25,19,4.2339,56.7447
2015,11,25,19.25,4.2606,56.2018
2015,11,25,19.5,4.2877,55.6658
2015,11,25,19.75,4.3151,55.1366
2015,11,25,20,4.343,54.6141
2015,11,25,20.25,4.3069,54.016
2015,11,25,20.5,4.2713,53.408
2015,11,25,20.75,4.2363,52.7898
2015,11,25,21,4.2017,52.1613
2015,11,25,21.25,4.1427,51.7164
2015,11,25,21.5,4.0841,51.2586
2015,11,25,21.75,4.0256,50.7876
2015,11,25,22,3.9675,50.3026
2015,11,25,22.25,3.9132,50.0717
2015,11,25,22.5,3.859,49.8342
2015,11,25,22.75,3.8048,49.5899
2015,11,25,23,3.7507,49.3386
2015,11,25,23.25,3.7064,49.214
2015,11,25,23.5,3.6621,49.0865
2015,11,25,23.75,3.6178,48.9558
2015,11,25,24,3.5736,48.8219
2015,11,26,0.25,3.5877,48.6247
2015,11,26,0.5,3.6018,48.429
2015,11,26,0.75,3.6161,48.2349
2015,11,26,1,3.6303,48.0424
2015,11,26,1.25,3.684,47.8345
2015,11,26,1.5,3.7377,47.6326
2015,11,26,1.75,3.7914,47.4364
2015,11,26,2,3.8452,47.2456
2015,11,26,2.25,4.0122,47.4925
2015,11,26,2.5,4.1793,47.7197
2015,11,26,2.75,4.3464,47.9293
2015,11,26,3,4.5136,48.1235
2015,11,26,3.25,4.5651,48.4249
2015,11,26,3.5,4.6167,48.7196
2015,11,26,3.75,4.6684,49.0078
2015,11,26,4,4.7203,49.2897
2015,11,26,4.25,4.6737,49.3809
2015,11,26,4.5,4.6271,49.4739
2015,11,26,4.75,4.5805,49.5688
2015,11,26,5,4.5339,49.6657
2015,11,26,5.25,4.4493,49.5448
2015,11,26,5.5,4.3648,49.4193
2015,11,26,5.75,4.2802,49.2888
2015,11,26,6,4.1956,49.1531
2015,11,26,6.25,4.0921,48.8314
2015,11,26,6.5,3.9887,48.493
2015,11,26,6.75,3.8854,48.1366
2015,11,26,7,3.7823,47.7608
2015,11,26,7.25,3.6863,47.2098
2015,11,26,7.5,3.5906,46.6295
2015,11,26,7.75,3.4953,46.0175
2015,11,26,8,3.4004,45.3712
2015,11,26,8.25,3.3084,44.6996
2015,11,26,8.5,3.2168,43.9896
2015,11,26,8.75,3.1258,43.2382
2015,11,26,9,3.0353,42.4419
2015,11,26,9.25,2.9291,41.8573
2015,11,26,9.5,2.8232,41.2287
2015,11,26,9.75,2.7176,40.5513
2015,11,26,10,2.6125,39.8192
2015,11,26,10.25,2.5181,39.3073
2015,11,26,10.5,2.4239,38.7556
2015,11,26,10.75,2.3299,38.1593
2015,11,26,11,2.2362,37.5129
2015,11,26,11.25,2.152,37.583
2015,11,26,11.5,2.0679,37.6589
2015,11,26,11.75,1.9838,37.7412
2015,11,26,12,1.8996,37.8307
2015,11,26,12.25,1.879,38.6299
2015,11,26,12.5,1.8588,39.4466
2015,11,26,12.75,1.8389,40.2812
2015,11,26,13,1.8195,41.1337
2015,11,26,13.25,1.8281,41.6165
2015,11,26,13.5,1.8368,42.0949
2015,11,26,13.75,1.8456,42.5687
2015,11,26,14,1.8546,43.0379
2015,11,26,14.25,1.888,43.0515
2015,11,26,14.5,1.9215,43.0647
2015,11,26,14.75,1.955,43.0775
2015,11,26,15,1.9884,43.0898
2015,11,26,15.25,2.0351,42.932
2015,11,26,15.5,2.0818,42.7813
2015,11,26,15.75,2.1285,42.6372
2015,11,26,16,2.1752,42.4993
2015,11,26,16.25,2.2248,42.2872
2015,11,26,16.5,2.2745,42.0844
2015,11,26,16.75,2.3243,41.8904
2015,11,26,17,2.374,41.7044
2015,11,26,17.25,2.4202,41.3441
2015,11,26,17.5,2.4664,40.9973
2015,11,26,17.75,2.5128,40.6632
2015,11,26,18,2.5592,40.3412
2015,11,26,18.25,2.6097,39.4949
2015,11,26,18.5,2.6607,38.6808
2015,11,26,18.75,2.7123,37.8974
2015,11,26,19,2.7643,37.1435
2015,11,26,19.25,2.8088,36.2062
2015,11,26,19.5,2.8541,35.2983
2015,11,26,19.75,2.9,34.419
2015,11,26,20,2.9466,33.5673
2015,11,26,20.25,2.9582,32.8603
2015,11,26,20.5,2.9702,32.159
2015,11,26,20.75,2.9827,31.4633
2015,11,26,21,2.9956,30.7736
2015,11,26,21.25,2.9792,30.4358
2015,11,26,21.5,2.9628,30.0942
2015,11,26,21.75,2.9466,29.7489
2015,11,26,22,2.9305,29.3997
2015,11,26,22.25,2.9146,29.507
2015,11,26,22.5,2.8987,29.6154
2015,11,26,22.75,2.8828,29.7251
2015,11,26,23,2.8669,29.836
2015,11,26,23.25,2.8582,30.6198
2015,11,26,23.5,2.85,31.4082
2015,11,26,23.75,2.8423,32.2011
2015,11,26,24,2.8352,32.9981
2015,11,27,0.25,2.8403,33.9352
2015,11,27,0.5,2.8462,34.8687
2015,11,27,0.75,2.8529,35.798
2015,11,27,1,2.8603,36.7229
2015,11,27,1.25,2.9734,37.5175
2015,11,27,1.5,3.0871,38.2537
2015,11,27,1.75,3.2012,38.9375
2015,11,27,2,3.3158,39.5742
2015,11,27,2.25,3.4477,39.8135
2015,11,27,2.5,3.5796,40.0352
2015,11,27,2.75,3.7116,40.2411
2015,11,27,3,3.8437,40.4329
2015,11,27,3.25,3.9144,40.087
2015,11,27,3.5,3.9852,39.7534
2015,11,27,3.75,4.0562,39.4314
2015,11,27,4,4.1272,39.1206
2015,11,27,4.25,4.1161,39.1672
2015,11,27,4.5,4.105,39.2141
2015,11,27,4.75,4.0938,39.2612
2015,11,27,5,4.0827,39.3085
2015,11,27,5.25,4.0036,39.6749
2015,11,27,5.5,3.9247,40.0559
2015,11,27,5.75,3.8459,40.4526
2015,11,27,6,3.7674,40.8659
2015,11,27,6.25,3.6483,41.1925
2015,11,27,6.5,3.5293,41.5411
2015,11,27,6.75,3.4105,41.914
2015,11,27,7,3.2918,42.3138
2015,11,27,7.25,3.1473,42.6502
2015,11,27,7.5,3.0028,43.019
2015,11,27,7.75,2.8586,43.425
2015,11,27,8,2.7145,43.8741
2015,11,27,8.25,2.5917,44.3289
2015,11,27,8.5,2.4691,44.8289
2015,11,27,8.75,2.3467,45.3811
2015,11,27,9,2.2246,45.9941
2015,11,27,9.25,2.1031,46.9812
2015,11,27,9.5,1.9822,48.0889
2015,11,27,9.75,1.8623,49.34
2015,11,27,10,1.7433,50.7625
2015,11,27,10.25,1.615,52.2662
2015,11,27,10.5,1.4879,54.028
2015,11,27,10.75,1.3626,56.1162
2015,11,27,11,1.2394,58.6235
2015,11,27,11.25,1.1247,60.1229
2015,11,27,11.5,1.0109,61.9615
2015,11,27,11.75,0.8984,64.2633
2015,11,27,12,0.7878,67.2176
2015,11,27,12.25,0.7374,69.5814
2015,11,27,12.5,0.6886,72.2862
2015,11,27,12.75,0.6414,75.3962
2015,11,27,13,0.5965,78.9867
2015,11,27,13.25,0.6135,79.8696
2015,11,27,13.5,0.6307,80.7047
2015,11,27,13.75,0.648,81.4953
2015,11,27,14,0.6654,82.2446
2015,11,27,14.25,0.722,82.5677
2015,11,27,14.5,0.7786,82.8437
2015,11,27,14.75,0.8353,83.0823
2015,11,27,15,0.8919,83.2906
2015,11,27,15.25,0.9385,83.2572
2015,11,27,15.5,0.985,83.227
2015,11,27,15.75,1.0316,83.1995
2015,11,27,16,1.0781,83.1744
2015,11,27,16.25,1.1091,81.7048
2015,11,27,16.5,1.1408,80.316
2015,11,27,16.75,1.1731,79.0029
2015,11,27,17,1.206,77.7608
2015,11,27,17.25,1.2259,75.4876
2015,11,27,17.5,1.2478,73.2906
2015,11,27,17.75,1.2714,71.1722
2015,11,27,18,1.2967,69.1337
2015,11,27,18.25,1.3008,67.0353
2015,11,27,18.5,1.3067,64.953
2015,11,27,18.75,1.3143,62.8922
2015,11,27,19,1.3236,60.8576
2015,11,27,19.25,1.3438,59.1352
2015,11,27,19.5,1.3652,57.4653
2015,11,27,19.75,1.3878,55.8483
2015,11,27,20,1.4114,54.2841
2015,11,27,20.25,1.4154,52.9586
2015,11,27,20.5,1.4202,51.6413
2015,11,27,20.75,1.4258,50.3337
2015,11,27,21,1.4321,49.0368
2015,11,27,21.25,1.4337,47.5475
2015,11,27,21.5,1.4362,46.0624
2015,11,27,21.75,1.4397,44.5836
2015,11,27,22,1.4441,43.1128
2015,11,27,22.25,1.4478,42.4148
2015,11,27,22.5,1.4517,41.7204
2015,11,27,22.75,1.4559,41.0298
2015,11,27,23,1.4602,40.3433
2015,11,27,23.25,1.4761,39.923
2015,11,27,23.5,1.4922,39.5117
2015,11,27,23.75,1.5083,39.1092
2015,11,27,24,1.5244,38.7153
2015,11,28,0.25,1.5605,38.2729
2015,11,28,0.5,1.5966,37.8504
2015,11,28,0.75,1.6328,37.4467
2015,11,28,1,1.669,37.0606
2015,11,28,1.25,1.7936,37.0968
2015,11,28,1.5,1.9182,37.1283
2015,11,28,1.75,2.0428,37.156
2015,11,28,2,2.1673,37.1805
2015,11,28,2.25,2.2361,38.3651
2015,11,28,2.5,2.3057,39.4786
2015,11,28,2.75,2.3762,40.5265
2015,11,28,3,2.4474,41.5137
2015,11,28,3.25,2.4535,42.7621
2015,11,28,3.5,2.4607,44.0038
2015,11,28,3.75,2.4692,45.2376
2015,11,28,4,2.4787,46.4624
2015,11,28,4.25,2.4455,47.6896
2015,11,28,4.5,2.4134,48.95
2015,11,28,4.75,2.3825,50.2437
2015,11,28,5,2.3529,51.5708
2015,11,28,5.25,2.3082,53.166
2015,11,28,5.5,2.2654,54.8229
2015,11,28,5.75,2.2245,56.5422
2015,11,28,6,2.1857,58.3242
2015,11,28,6.25,2.1286,59.8546
2015,11,28,6.5,2.0731,61.4683
2015,11,28,6.75,2.0193,63.1693
2015,11,28,7,1.9673,64.9618
2015,11,28,7.25,1.9113,66.143
2015,11,28,7.5,1.8562,67.3949
2015,11,28,7.75,1.802,68.7228
2015,11,28,8,1.7488,70.1322
2015,11,28,8.25,1.7272,70.0612
2015,11,28,8.5,1.7056,69.9883
2015,11,28,8.75,1.684,69.9135
2015,11,28,9,1.6624,69.8368
2015,11,28,9.25,1.6656,68.1395
2015,11,28,9.5,1.6703,66.4503
2015,11,28,9.75,1.6764,64.7719
2015,11,28,10,1.684,63.1072
2015,11,28,10.25,1.6577,61.6824
2015,11,28,10.5,1.6325,60.2125
2015,11,28,10.75,1.6083,58.6976
2015,11,28,11,1.5854,57.1376
2015,11,28,11.25,1.5901,56.1403
2015,11,28,11.5,1.5953,55.1492
2015,11,28,11.75,1.601,54.1649
2015,11,28,12,1.6072,53.1878
2015,11,28,12.25,1.6378,52.8409
2015,11,28,12.5,1.6685,52.5067
2015,11,28,12.75,1.6992,52.1846
2015,11,28,13,1.7299,51.8739
2015,11,28,13.25,1.7758,52.3807
2015,11,28,13.5,1.8217,52.8619
2015,11,28,13.75,1.8678,53.3195
2015,11,28,14,1.914,53.7549
2015,11,28,14.25,1.9612,54.9219
2015,11,28,14.5,2.0091,56.0337
2015,11,28,14.75,2.0577,57.0932
2015,11,28,15,2.1071,58.1035
2015,11,28,15.25,2.1585,59.253
2015,11,28,15.5,2.2107,60.3486
2015,11,28,15.75,2.2638,61.3932
2015,11,28,16,2.3175,62.3897
2015,11,28,16.25,2.3804,62.8305
2015,11,28,16.5,2.4435,63.2486
2015,11,28,16.75,2.5067,63.6456
2015,11,28,17,2.5701,64.023
2015,11,28,17.25,2.632,63.7615
2015,11,28,17.5,2.694,63.5119
2015,11,28,17.75,2.7561,63.2736
2015,11,28,18,2.8182,63.0458
2015,11,28,18.25,2.8771,62.3523
2015,11,28,18.5,2.9365,61.6868
2015,11,28,18.75,2.9962,61.0478
2015,11,28,19,3.0563,60.4338
2015,11,28,19.25,3.1265,59.3875
2015,11,28,19.5,3.1976,58.3875
2015,11,28,19.75,3.2697,57.4313
2015,11,28,20,3.3426,56.5166
2015,11,28,20.25,3.4172,55.837
2015,11,28,20.5,3.4922,55.1865
2015,11,28,20.75,3.5677,54.5635
2015,11,28,21,3.6435,53.9664
2015,11,28,21.25,3.7014,53.5587
2015,11,28,21.5,3.7595,53.1637
2015,11,28,21.75,3.8178,52.7807
2015,11,28,22,3.8762,52.4092
2015,11,28,22.25,3.8882,52.3365
2015,11,28,22.5,3.9002,52.2643
2015,11,28,22.75,3.9122,52.1925
2015,11,28,23,3.9242,52.1212
2015,11,28,23.25,3.9335,52.1962
2015,11,28,23.5,3.9428,52.2709
2015,11,28,23.75,3.9522,52.3451
2015,11,28,24,3.9615,52.4191
2015,11,29,0.25,4.0377,52.5823
2015,11,29,0.5,4.1139,52.7395
2015,11,29,0.75,4.1901,52.8909
2015,11,29,1,4.2664,53.0369
2015,11,29,1.25,4.4535,53.0757
2015,11,29,1.5,4.6407,53.1113
2015,11,29,1.75,4.8278,53.1442
2015,11,29,2,5.0149,53.1747
2015,11,29,2.25,5.1386,52.8963
2015,11,29,2.5,5.2625,52.6311
2015,11,29,2.75,5.3864,52.378
2015,11,29,3,5.5104,52.1363
2015,11,29,3.25,5.5271,51.7611
2015,11,29,3.5,5.544,51.3881
2015,11,29,3.75,5.5611,51.0173
2015,11,29,4,5.5785,50.6489
2015,11,29,4.25,5.4965,50.4412
2015,11,29,4.5,5.4145,50.2272
2015,11,29,4.75,5.3326,50.0066
2015,11,29,5,5.2508,49.7791
2015,11,29,5.25,5.1884,50.3105
2015,11,29,5.5,5.1263,50.8547
2015,11,29,5.75,5.0648,51.4123
2015,11,29,6,5.0038,51.9835
2015,11,29,6.25,4.9478,52.4073
2015,11,29,6.5,4.8921,52.8409
2015,11,29,6.75,4.8367,53.2844
2015,11,29,7,4.7815,53.7381
2015,11,29,7.25,4.6788,53.6405
2015,11,29,7.5,4.5761,53.5384
2015,11,29,7.75,4.4734,53.4317
2015,11,29,8,4.3707,53.3199
2015,11,29,8.25,4.2749,53.3444
2015,11,29,8.5,4.1792,53.37
2015,11,29,8.75,4.0835,53.3968
2015,11,29,9,3.9877,53.425
2015,11,29,9.25,3.8863,53.9628
2015,11,29,9.5,3.7852,54.5295
2015,11,29,9.75,3.6845,55.1273
2015,11,29,10,3.5842,55.7585
2015,11,29,10.25,3.5113,56.7449
2015,11,29,10.5,3.4395,57.7727
2015,11,29,10.75,3.3688,58.844
2015,11,29,11,3.2994,59.9608
2015,11,29,11.25,3.1602,61.2871
2015,11,29,11.5,3.0229,62.7348
2015,11,29,11.75,2.8877,64.3192
2015,11,29,12,2.7549,66.0578
2015,11,29,12.25,2.7572,66.9474
2015,11,29,12.5,2.7602,67.8353
2015,11,29,12.75,2.7639,68.721
2015,11,29,13,2.7682,69.6042
2015,11,29,13.25,2.7999,69.31
2015,11,29,13.5,2.8317,69.0225
2015,11,29,13.75,2.8636,68.7414
2015,11,29,14,2.8956,68.4664
2015,11,29,14.25,2.9174,67.7209
2015,11,29,14.5,2.9398,66.9867
2015,11,29,14.75,2.9626,66.2637
2015,11,29,15,2.9858,65.5518
2015,11,29,15.25,3.0155,64.1493
2015,11,29,15.5,3.0469,62.775
2015,11,29,15.75,3.0801,61.4295
2015,11,29,16,3.1149,60.1133
2015,11,29,16.25,3.1392,58.4874
2015,11,29,16.5,3.166,56.8877
2015,11,29,16.75,3.1952,55.3161
2015,11,29,17,3.2268,53.7742
2015,11,29,17.25,3.2609,52.9484
2015,11,29,17.5,3.2955,52.1397
2015,11,29,17.75,3.3309,51.3481
2015,11,29,18,3.3668,50.5732
2015,11,29,18.25,3.4079,51.1284
2015,11,29,18.5,3.4493,51.6703
2015,11,29,18.75,3.491,52.1994
2015,11,29,19,3.533,52.7158
2015,11,29,19.25,3.552,52.9328
2015,11,29,19.5,3.571,53.1475
2015,11,29,19.75,3.59,53.3599
2015,11,29,20,3.6091,53.5701
2015,11,29,20.25,3.5375,53.088
2015,11,29,20.5,3.4662,52.5861
2015,11,29,20.75,3.3951,52.0631
2015,11,29,21,3.3244,51.5179
2015,11,29,21.25,3.2238,51.043
2015,11,29,21.5,3.1234,50.5375
2015,11,29,21.75,3.0232,49.9986
2015,11,29,22,2.9234,49.4228
2015,11,29,22.25,2.8337,48.7297
2015,11,29,22.5,2.7444,47.9913
2015,11,29,22.75,2.6555,47.2035
2015,11,29,23,2.5673,46.3613
2015,11,29,23.25,2.4747,44.9794
2015,11,29,23.5,2.3838,43.4911
2015,11,29,23.75,2.2946,41.8859
2015,11,29,24,2.2073,40.1523
2015,11,30,0.25,2.1637,37.7747
2015,11,30,0.5,2.1239,35.3039
2015,11,30,0.75,2.0883,32.7438
2015,11,30,1,2.057,30.1002
2015,11,30,1.25,2.1322,27.1421
2015,11,30,1.5,2.2127,24.3923
2015,11,30,1.75,2.298,21.841
2015,11,30,2,2.3874,19.4765
2015,11,30,2.25,2.4943,18.8026
2015,11,30,2.5,2.6014,18.184
2015,11,30,2.75,2.7088,17.6145
2015,11,30,3,2.8165,17.0884
2015,11,30,3.25,2.9177,16.5327
2015,11,30,3.5,3.0192,16.0143
2015,11,30,3.75,3.1209,15.5296
2015,11,30,4,3.2228,15.0756
2015,11,30,4.25,3.2795,14.3633
2015,11,30,4.5,3.3366,13.6753
2015,11,30,4.75,3.3941,13.0105
2015,11,30,5,3.4522,12.368
2015,11,30,5.25,3.4372,11.274
2015,11,30,5.5,3.4236,10.1709
2015,11,30,5.75,3.4112,9.0594
2015,11,30,6,3.4001,7.9402
2015,11,30,6.25,3.3657,6.0943
2015,11,30,6.5,3.3348,4.2123
2015,11,30,6.75,3.3075,2.2972
2015,11,30,7,3.2841,0.3525
2015,11,30,7.25,3.2457,358.0114
2015,11,30,7.5,3.213,355.6185
2015,11,30,7.75,3.1859,353.1806
2015,11,30,8,3.1647,350.7055
2015,11,30,8.25,3.116,349.2564
2015,11,30,8.5,3.0694,347.7623
2015,11,30,8.75,3.0249,346.2231
2015,11,30,9,2.9826,344.6392
2015,11,30,9.25,2.885,344.4119
2015,11,30,9.5,2.7875,344.1686
2015,11,30,9.75,2.69,343.9077
2015,11,30,10,2.5925,343.6271
2015,11,30,10.25,2.5372,344.9385
2015,11,30,10.5,2.4832,346.3076
2015,11,30,10.75,2.4307,347.7368
2015,11,30,11,2.3797,349.2281
2015,11,30,11.25,2.2752,350.3871
2015,11,30,11.5,2.1717,351.6571
2015,11,30,11.75,2.0694,353.0535
2015,11,30,12,1.9684,354.5942
2015,11,30,12.25,1.9501,354.7675
2015,11,30,12.5,1.9319,354.944
2015,11,30,12.75,1.9137,355.1239
2015,11,30,13,1.8954,355.3073
2015,11,30,13.25,1.8907,353.3793
2015,11,30,13.5,1.8881,351.4438
2015,11,30,13.75,1.8877,349.5053
2015,11,30,14,1.8895,347.5681
2015,11,30,14.25,1.9247,344.6923
2015,11,30,14.5,1.9646,341.9265
2015,11,30,14.75,2.0089,339.2767
2015,11,30,15,2.0573,336.7464
2015,11,30,15.25,2.1241,335.1478
2015,11,30,15.5,2.1925,333.6478
2015,11,30,15.75,2.2622,332.2394
2015,11,30,16,2.3333,330.916
2015,11,30,16.25,2.3562,331.3481
2015,11,30,16.5,2.3792,331.7718
2015,11,30,16.75,2.4023,332.1874
2015,11,30,17,2.4255,332.595
2015,11,30,17.25,2.3429,334.3967
2015,11,30,17.5,2.2628,336.328
2015,11,30,17.75,2.1854,338.3985
2015,11,30,18,2.1111,340.6179
2015,11,30,18.25,2.0605,341.8299
2015,11,30,18.5,2.0108,343.1023
2015,11,30,18.75,1.9622,344.4384
2015,11,30,19,1.9147,345.8416
2015,11,30,19.25,1.9714,344.8441
2015,11,30,19.5,2.0287,343.9026
2015,11,30,19.75,2.0864,343.013
2015,11,30,20,2.1446,342.1715
2015,11,30,20.25,2.2101,341.4341
2015,11,30,20.5,2.2759,340.7392
2015,11,30,20.75,2.342,340.0835
2015,11,30,21,2.4084,339.4638
2015,11,30,21.25,2.3975,339.1547
2015,11,30,21.5,2.3866,338.8428
2015,11,30,21.75,2.3758,338.5281
2015,11,30,22,2.3651,338.2105
2015,11,30,22.25,2.3399,338.2722
2015,11,30,22.5,2.3146,338.3352
2015,11,30,22.75,2.2894,338.3996
2015,11,30,23,2.2641,338.4654
2015,11,30,23.25,2.2474,337.8017
2015,11,30,23.5,2.231,337.1282
2015,11,30,23.75,2.2149,336.4447
2015,11,30,24,2.1991,335.7513
